database,schema,table,row_count,total_mb,used_mb
EndeavorCentral,dbo,_All_Flights,48978,22.445312,22.421875
EndeavorCentral,dbo,_AllProducts,17791,11.007812,10.929687
EndeavorCentral,dbo,_AllTargets,17033,0.945312,0.890625
EndeavorCentral,dbo,__AllFeeds,8725,3.257812,3.039062
EndeavorCentral,dbo,_Active_Campaigns,7664,1.359375,1.328125
EndeavorCentral,dbo,_RAN_XML,3162,4.773437,4.398437
EndeavorCentral,dbo,Subscription_Flight_Date,2466,0.195312,0.179687
EndeavorCentral,dbo,_Advertiser_Alt_ID,488,0.195312,0.125000
EndeavorCentral,dbo,AdvertiserSalesChannel_Log,307,0.085937,0.031250
EndeavorCentral,dbo,charterview,279,0.132812,0.085937
EndeavorCentral,dbo,DBINFO,44,0.015625,0.015625
EndeavorCentral,dbo,BKUPSettings,1,0.070312,0.015625
EndeavorCentral,dbo,CommercialCustomer,0,0.007812,0.007812
EndeavorCentral,dbo,FactualInfo,0,0.007812,0.007812
EndeavorCentral,dbo,SalesBreakdown,0,0.007812,0.007812
EndeavorCentral,dbo,SalesMedia,0,0.007812,0.007812
Megatron,dbo,ListingImageDownload_ReDownload,298130232,45586.320312,45303.101562
Megatron,dbo,Shortener,109734790,112947.820312,112900.257812
Megatron,dbo,__AllAdEzCampaigns_Snapshot,31042630,13382.070312,13254.195312
Megatron,dbo,AccountPreference,13829804,263.812500,262.765625
Megatron,dbo,ListingVehicle,7815857,4055.703125,3594.687500
Megatron,dbo,Listing,7429072,32303.515625,31769.367187
Megatron,dbo,ListingExtras,7405592,397.257812,372.156250
Megatron,dbo,_IPB_Temp,5600409,178.632812,178.593750
Megatron,dbo,IPBlocks,4826113,161.703125,161.656250
Megatron,dbo,zzz_BannerZipCode,4761023,124.703125,124.679687
Megatron,dbo,ActivityLog,4716119,1878.828125,1877.640625
Megatron,dbo,obr_History_v4,4690854,985.554687,840.085937
Megatron,dbo,LiveListingRemoved,3034822,206.257812,203.570312
Megatron,dbo,PerformanceTargetAccounts_History,2663019,202.617187,199.539062
Megatron,dbo,SmartAdCheck,2561492,683.343750,662.593750
Megatron,dbo,MailQueue,2537772,6779.429687,6681.828125
Megatron,dbo,OLMQueue,2374117,134.367187,100.710937
Megatron,dbo,Account,2082770,511.390625,508.742187
Megatron,dbo,account_save,2075440,58.203125,57.937500
Megatron,dbo,AdCenterImpressions,1877483,87.445312,68.437500
Megatron,dbo,PowerListingCheck,1740161,250.570312,225.921875
Megatron,dbo,AccountNoHash,1721383,60.898437,60.835937
Megatron,dbo,zzz__AlertsNotes,1712091,240.281250,237.875000
Megatron,dbo,EmailExternalID,1633764,59.156250,57.789062
Megatron,dbo,AccountLogin,1489516,97.695312,85.085937
Megatron,dbo,zzz_UserAgents,1468160,61.257812,61.234375
Megatron,dbo,EmailScrubFinals,1281030,138.218750,136.937500
Megatron,dbo,_IPL_Temp,1016397,119.656250,119.617187
Megatron,dbo,EmailObjects,976257,2335.484375,2307.812500
Megatron,dbo,DXAccountToMEMBERS,967840,31.078125,31.031250
Megatron,dbo,_AllFlights_Performance,916407,75.125000,56.343750
Megatron,dbo,OLMLog,651684,40.804687,36.609375
Megatron,dbo,AccountPreferenceOptOut,594335,13.609375,13.117187
Megatron,dbo,WebCrawlerDeletes,588809,86.835937,65.117187
Megatron,dbo,IPLocation,559332,71.453125,71.390625
Megatron,dbo,AccountListingVerifyAllQueue,537948,19.656250,19.609375
Megatron,dbo,zzz_fbAutomotiveCatalog_data_v4_temp_timtest,521573,1840.156250,1839.898437
Megatron,dbo,zzz_DealerVault_ColumnInfo,464138,50.187500,48.335937
Megatron,dbo,BannerLogTotal,429328,12.703125,12.695312
Megatron,dbo,listing_pric_With_Max,387426,200.125000,159.273437
Megatron,dbo,Account_Login_History,382509,77.195312,57.898437
Megatron,dbo,obr_Flight_Info_V7_Flight,364444,102.312500,76.750000
Megatron,dbo,LeadQueueExtras,319379,21.437500,16.062500
Megatron,dbo,obr_NetworkPerformance_V10,305777,31.546875,29.414062
Megatron,dbo,SelfServeImage,302559,15.015625,15.000000
Megatron,dbo,AccountExtras,287363,16.492187,16.046875
Megatron,dbo,obr_NetworkPerformance_Totals_V10,281757,28.445312,26.562500
Megatron,dbo,BackupLog,278391,69.273437,68.539062
Megatron,dbo,zzz_CrawlerLog,276669,36.406250,30.296875
Megatron,dbo,zzz_SilverPop_Seller_Listing,276235,17.328125,17.273437
Megatron,dbo,obr_NetworkPerformance_V7,274869,31.757812,26.046875
Megatron,dbo,FileDetails_Log,269880,56.984375,42.695312
Megatron,dbo,obr_NetworkPerformance_Totals_V7,256974,37.070312,27.242187
Megatron,dbo,GeoDistance,219619,21.726562,21.687500
Megatron,dbo,LeadQueue,207367,264.929687,243.414062
Megatron,dbo,zzz_AccountSavedListing,207177,6.539062,6.476562
Megatron,dbo,EmailScrubRejects,187749,17.343750,16.187500
Megatron,dbo,zzz_RateRegionZip,170120,4.609375,4.578125
Megatron,dbo,zzz__AlertsMeta,169053,11.406250,11.328125
Megatron,dbo,__PROC_Log,162358,18.875000,17.164062
Megatron,dbo,SF_Accounts,131716,105.664062,32.023437
Megatron,dbo,zzz_BannerSubclass,109126,2.414062,2.390625
Megatron,dbo,fbAutomotiveCatalog_data_v3,108616,283.710937,283.601562
Megatron,dbo,fbAutomotiveCatalog_data_v3_temp,108616,1301.914062,688.554687
Megatron,dbo,PhyronVideos,106055,26.757812,26.429687
Megatron,dbo,WebCrawlerData_Temp,102289,19.382812,19.367187
Megatron,dbo,WebCrawlerData,102286,37.070312,22.812500
Megatron,dbo,_HiLo_Vehicle,100791,31.726562,31.695312
Megatron,dbo,_OutboundMaster,96240,401.515625,400.882812
Megatron,dbo,_OutboundMasterAutos,96240,457.953125,456.945312
Megatron,dbo,SmartAdListings,88980,5.820312,5.773437
Megatron,dbo,zzz_MostBlockedDomains,87124,8.578125,8.578125
Megatron,dbo,WCD,84794,14.710937,14.664062
Megatron,dbo,ListingExtension,83687,3.015625,3.007812
Megatron,dbo,obr_History,83144,14.062500,14.000000
Megatron,dbo,fbAutomotiveCatalog_data_v2,76466,1185.648437,551.085937
Megatron,dbo,fbAutomotiveCatalog_data,76179,133.257812,133.242187
Megatron,dbo,obr_VehiclePerformance_V10,75582,10.882812,10.531250
Megatron,dbo,zzz_VerticalResponseMasterList,73731,6.140625,6.140625
Megatron,dbo,obr_VehiclePerformance_V7,73295,18.445312,11.562500
Megatron,dbo,Listing_PRIC,71687,92.570312,46.640625
Megatron,dbo,AreaPrefix,69047,3.078125,3.031250
Megatron,dbo,CarQuery_Temp,68267,13.265625,13.250000
Megatron,dbo,Impersonation,65123,26.804687,20.039062
Megatron,dbo,fbAutomotiveCatalog_data_v4,60708,182.140625,182.007812
Megatron,dbo,fbAutomotiveCatalog_data_v4_temp,60708,970.843750,440.500000
Megatron,dbo,zzz_silverpop_buyer_account_restore,59699,4.507812,4.500000
Megatron,dbo,_AllFlights,48978,22.445312,22.414062
Megatron,dbo,zzz_DealerVault_SV,48076,143.648437,98.398437
Megatron,dbo,zzz_PlatformAuto_Delisted,46655,3.281250,3.234375
Megatron,dbo,CountyZCTA,44410,8.203125,8.187500
Megatron,dbo,zzz_Static_ZipCode2PubID,44014,1.515625,1.515625
Megatron,dbo,zzz_PlatformAuto_Delisted_v2,43690,2.265625,2.234375
Megatron,dbo,ZipCode,43198,246.703125,246.671875
Megatron,dbo,obr_DisplayGeoClicks_V10,41881,3.945312,3.585937
Megatron,dbo,obr_DisplayGeoClicks_V7,41881,4.531250,3.796875
Megatron,dbo,ADPCreatives,40164,16.968750,13.867187
Megatron,dbo,zzz_Receipt,37970,16.968750,16.953125
Megatron,dbo,zzz_strikezone_numbers,37615,1.125000,1.000000
Megatron,dbo,__AllAdEzCampaigns_NewCancel_PrepareTemp,37393,7.195312,7.148437
Megatron,dbo,SF_Leads,36469,29.695312,29.664062
Megatron,dbo,ZipCounty,32989,2.078125,2.023437
Megatron,dbo,ListingAttributeVertical,32103,1.070312,1.054687
Megatron,dbo,zzz_ListingFlagReason,29461,0.734375,0.726562
Megatron,dbo,cl_Mapped,28831,5.882812,5.875000
Megatron,dbo,zzz_DealerVault_SV_APPT,28490,19.437500,16.617187
Megatron,dbo,EmailObjectCounts,27544,8.632812,8.070312
Megatron,dbo,Flight_Range_Data,27390,3.257812,3.226562
Megatron,dbo,zzz_DealerVault_INV,27185,164.968750,100.593750
Megatron,dbo,PaidLeadDetails,26897,8.867187,6.593750
Megatron,dbo,obr_NetworkPerformance_Totals_V7_Lang,26069,2.867187,2.773437
Megatron,dbo,obr_NetworkPerformance_V7_Lang,26069,2.929687,2.835937
Megatron,dbo,imageproxy_blanks,26008,0.453125,0.445312
Megatron,dbo,zzz_DealerVault_SL,25358,191.343750,100.781250
Megatron,dbo,ListingHistory,24536,1.742187,1.445312
Megatron,dbo,CarModels,24192,0.960937,0.914062
Megatron,dbo,Temp_FeedListingVehicle,23674,101.140625,100.796875
Megatron,dbo,zzz_ListingProofing,23673,1.570312,1.523437
Megatron,dbo,AccountSecurity,23395,1.570312,1.140625
Megatron,dbo,Active_Campaigns,22099,5.070312,5.046875
Megatron,dbo,CampaignWebsite,22099,0.632812,0.609375
Megatron,dbo,zzz_JaneDealers20180209,20518,4.703125,4.648437
Megatron,dbo,zzz__AlertsLabels,20468,1.101562,1.085937
Megatron,dbo,eBillingInfo,19914,1.507812,1.500000
Megatron,dbo,zzz_DealerVaultInfo,19341,3.953125,3.898437
Megatron,dbo,zzz_ADPLocalCategories,19314,1.093750,0.773437
Megatron,dbo,zzz_AccountSecurity_WTF,19066,0.671875,0.445312
Megatron,dbo,VastPhoneData,18752,4.828125,4.789062
Megatron,dbo,XferLog,18462,4.757812,4.742187
Megatron,dbo,__AllAdEzCampaigns,17794,10.570312,9.437500
Megatron,dbo,obr_customerlist_v4_201612,17484,2.140625,2.125000
Megatron,dbo,zzz_Temp_PetFinderPets,15734,17.828125,17.750000
Megatron,dbo,ListingMigrate,13941,0.257812,0.203125
Megatron,dbo,zzz_ConnTest2Leads,13269,4.445312,4.398437
Megatron,dbo,obr_PowerListingPerformance,13014,1.078125,1.031250
Megatron,dbo,zzz_ListingPet,12950,0.507812,0.484375
Megatron,dbo,_Accounts_from_All,12465,5.140625,3.843750
Megatron,dbo,zzz_vehiclelistings_missing,12303,11.148437,10.671875
Megatron,dbo,zzz_ListingImagesFlat,12241,2.757812,2.640625
Megatron,dbo,ADPCampaigns,12215,11.078125,8.312500
Megatron,dbo,zzz_BannerKeyword,11943,0.390625,0.382812
Megatron,dbo,_ADAccounts,11916,1.953125,1.664062
Megatron,dbo,zzz__ADRefresh_Terminated,11814,1.554687,1.085937
Megatron,dbo,zzz_SF_Subscriptions,11744,8.945312,6.570312
Megatron,dbo,RatchetEmailLog,11283,1.632812,1.195312
Megatron,dbo,AlertList,11270,0.632812,0.609375
Megatron,dbo,LeadSync,11204,0.960937,0.703125
Megatron,dbo,zzz_BannerGeoDistance,10959,0.273437,0.265625
Megatron,dbo,Account_Created_LastUpload,10675,0.914062,0.617187
Megatron,dbo,ListingPrintEditions,10342,0.609375,0.523437
Megatron,dbo,ListingMakeModel,10241,1.070312,0.539062
Megatron,dbo,zzz_WhosCallingRuns,10203,0.507812,0.375000
Megatron,dbo,CurrentADAccounts,10149,0.992187,0.929687
Megatron,dbo,zzz_TempCurrentADAccounts,10149,1.054687,0.835937
Megatron,dbo,zzz_DealerVault_Import_Log,10147,1.476562,1.296875
Megatron,dbo,zzz_CGExcel,10009,0.679687,0.679687
Megatron,dbo,Extension,10000,0.328125,0.296875
Megatron,dbo,ADPFeeds,9410,8.070312,5.945312
Megatron,dbo,CityGridCategory,9315,0.578125,0.578125
Megatron,dbo,NewPrintTranslate,9058,0.578125,0.578125
Megatron,dbo,CharterCustomerFinal,9000,0.453125,0.445312
Megatron,dbo,CharterCustomerMissingDates,9000,0.453125,0.414062
Megatron,dbo,zzz_RateRegionSubClass,8917,0.234375,0.218750
Megatron,dbo,zzz_ConnTest2Leads_BU20151211,8645,2.953125,2.953125
Megatron,dbo,zzz_start_of_performance,8623,0.921875,0.687500
Megatron,dbo,obr_VehicleSummary_V7,8253,2.859375,1.820312
Megatron,dbo,zzz__Alerts,8236,2.609375,2.359375
Megatron,dbo,obr_VehicleSummary_V10,8183,0.695312,0.695312
Megatron,dbo,zzz_URLEncodeNumbers,8000,0.140625,0.132812
Megatron,dbo,WebCrawlerImportSummary,7979,2.710937,1.421875
Megatron,dbo,leadsbypub,7974,0.867187,0.585937
Megatron,dbo,zzz__ADRefresh_RoleChange,7789,0.312500,0.234375
Megatron,dbo,LocalComZip,7296,0.273437,0.226562
Megatron,dbo,AccountPosition,7175,0.726562,0.562500
Megatron,dbo,zzz_SponsoredZipCode,6869,0.265625,0.210937
Megatron,dbo,RANSubscriptionMeta,6490,5.718750,4.171875
Megatron,dbo,CommonClientIdMapping,6163,0.765625,0.703125
Megatron,dbo,_Accounts_from_Feeds,6140,3.070312,2.257812
Megatron,dbo,zzz_JO_AllProducts_V2,6132,4.710937,4.656250
Megatron,dbo,AccountLeads,6041,0.218750,0.203125
Megatron,dbo,RatchetDisplayProfile,5959,0.812500,0.570312
Megatron,dbo,zzz_AccountSavedQuery,5958,2.382812,2.328125
Megatron,dbo,Client,5328,2.195312,1.406250
Megatron,dbo,_Accounts_from_Banners,5312,2.546875,1.843750
Megatron,dbo,ADPSmartAd,4941,1.218750,1.164062
Megatron,dbo,CraigslistListing,4707,0.406250,0.382812
Megatron,dbo,obr_VehicleSummary,4627,0.382812,0.382812
Megatron,dbo,zzz_BannerLocationSelected,4401,0.156250,0.132812
Megatron,dbo,zzz_rptMarketingNewsletter_Log,4394,1.164062,0.945312
Megatron,dbo,AdCenterObjects,4025,0.648437,0.593750
Megatron,dbo,Model,3855,0.203125,0.164062
Megatron,dbo,ListingMainImage,3819,0.882812,0.664062
Megatron,dbo,InventoryProcessed,3654,1.039062,0.234375
Megatron,dbo,CraigslistPosting,3539,0.390625,0.382812
Megatron,dbo,MakeModelBody,3318,0.195312,0.187500
Megatron,dbo,zzz_BKUPHistory,3294,0.195312,0.171875
Megatron,dbo,CountyNation,3235,0.203125,0.156250
Megatron,dbo,zzz_SolrCheck,3188,15.289062,15.218750
Megatron,dbo,WastedSlots,3152,0.203125,0.140625
Megatron,dbo,LeadSyncMapping,2974,0.070312,0.070312
Megatron,dbo,zzz_listingweekslog_dupe,2967,0.320312,0.289062
Megatron,dbo,zzz_adwordsmapping,2884,0.265625,0.250000
Megatron,dbo,CraigslistListing_Mapping,2831,0.140625,0.117187
Megatron,dbo,GoogleAnalytics_Post_Log,2805,1.687500,1.195312
Megatron,dbo,adez_advertiser,2707,0.695312,0.640625
Megatron,dbo,SF_to_Advertiser_Mapping,2658,0.132812,0.117187
Megatron,dbo,obr_DisplayClicks_V10,2644,0.195312,0.156250
Megatron,dbo,PhyronVehicles,2639,0.281250,0.156250
Megatron,dbo,business_advertiser_compare,2626,0.945312,0.921875
Megatron,dbo,ZipNFTP,2580,0.617187,0.601562
Megatron,dbo,ADPLocal,2577,4.476562,4.343750
Megatron,dbo,zzz_adwordsenddates,2558,0.265625,0.250000
Megatron,dbo,MarineCL,2552,0.203125,0.148437
Megatron,dbo,business_dedupe,2545,0.945312,0.898437
Megatron,dbo,Banner,2543,0.640625,0.640625
Megatron,dbo,obr_DisplayClicks_V7,2538,1.031250,0.476562
Megatron,dbo,ActiveAdEzCampaigns,2468,1.640625,1.617187
Megatron,dbo,zzz_AdEz_Active_Flight_20190131,2461,0.445312,0.406250
Megatron,dbo,zzz_PlatformAutoNumbers,2410,0.445312,0.437500
Megatron,dbo,zzz_BlogTitlesToCategory,2311,0.125000,0.070312
Megatron,dbo,zzz_JohnnyTest,2251,0.390625,0.367187
Megatron,dbo,PowerListing_URL_UTM,2131,2.437500,1.789062
Megatron,dbo,CharterIDMapping,2079,0.164062,0.156250
Megatron,dbo,zzz_PowerListingCheckTemp,2075,0.320312,0.265625
Megatron,dbo,zzz_RatchetDisplay_PlatformAuto_Mapping_DONT_USE_JO_20180605,2064,0.125000,0.085937
Megatron,dbo,Flight_Range_Data_Sales_Pivot,1998,0.632812,0.570312
Megatron,dbo,DealershipDetails,1855,0.148437,0.117187
Megatron,dbo,VDPDashboard_DailySnapshots,1853,1.296875,0.859375
Megatron,dbo,zzz_RCY_Data,1714,0.515625,0.156250
Megatron,dbo,AttributeOption,1661,0.140625,0.093750
Megatron,dbo,zzz_PowerListing_URL_UTM_BU,1633,0.507812,0.460937
Megatron,dbo,zzz_DealerVault_Matching_XLS,1604,0.140625,0.093750
Megatron,dbo,zzz_x,1594,0.328125,0.226562
Megatron,dbo,MissingCalls_First,1589,0.515625,0.507812
Megatron,dbo,zzz_StrikeZoneLog,1588,0.296875,0.171875
Megatron,dbo,ExternalUsers,1550,0.289062,0.179687
Megatron,dbo,zzz_rcd_flydates,1463,11.515625,7.351562
Megatron,dbo,ResellerAccounts,1404,0.125000,0.093750
Megatron,dbo,zzz_AccountBlacklisted,1339,0.125000,0.101562
Megatron,dbo,zzz_StrikeZoneQueue,1338,0.617187,0.484375
Megatron,dbo,ImportIssue,1314,0.421875,0.257812
Megatron,dbo,obr_CreativeImages,1295,0.195312,0.164062
Megatron,dbo,CraigslistErrorLog,1271,0.140625,0.101562
Megatron,dbo,ListingProperty,1254,0.328125,0.304687
Megatron,dbo,Temp_FeedAccounts,1234,0.257812,0.234375
Megatron,dbo,zzz_AdEz_Billing,1225,0.382812,0.335937
Megatron,dbo,ListingCentralInventory,1222,0.070312,0.039062
Megatron,dbo,_OverwriteDupeAccount_Log_Account,1218,0.687500,0.476562
Megatron,dbo,FbPageAccess,1203,0.437500,0.250000
Megatron,dbo,ModelSynonym,1193,0.054687,0.054687
Megatron,dbo,_Accounts_from_Ratchet,1186,0.476562,0.453125
Megatron,dbo,obr_CustomerList_V7,1179,0.781250,0.554687
Megatron,dbo,obr_CustomerList_V10,1169,0.132812,0.117187
Megatron,dbo,obr_DoNotCallList_V10,1132,0.257812,0.257812
Megatron,dbo,zzz_Refund,1125,0.234375,0.179687
Megatron,dbo,ZipPublications,1108,0.046875,0.046875
Megatron,dbo,obr_DoNotCallList,1083,0.203125,0.187500
Megatron,dbo,zzz_ListingContact,1081,0.250000,0.203125
Megatron,dbo,Partner_Data,1080,0.507812,0.132812
Megatron,dbo,obr_VehicleSummary_V6,1078,0.132812,0.093750
Megatron,dbo,obr_EmailLeads_V10,1061,0.195312,0.179687
Megatron,dbo,zzz_AttributeSubClass,1056,0.078125,0.046875
Megatron,dbo,obr_EmailLeads_V7,1045,1.281250,0.500000
Megatron,dbo,zzz__Steven_Deactivates_Report,1021,0.140625,0.109375
Megatron,dbo,zzz_Leads1000Sample,1010,0.328125,0.289062
Megatron,dbo,ImgPrxy_Data,999,0.132812,0.085937
Megatron,dbo,obr_DoNotCallList_V6,989,0.195312,0.171875
Megatron,dbo,zzz_PlatformAutoDataForCompare,946,0.257812,0.242187
Megatron,dbo,zzz_DealerVault_INV_TEMP,928,0.453125,0.398437
Megatron,dbo,MissingCalls,927,0.203125,0.203125
Megatron,dbo,zzz_Temp_PetFinderShelters,883,0.132812,0.109375
Megatron,dbo,_AllFlightsOverride,870,0.687500,0.500000
Megatron,dbo,zzz_jtest,850,6.882812,6.773437
Megatron,dbo,zzz_ListingFlag,837,0.367187,0.335937
Megatron,dbo,obr_DoNotCallList_V7,835,0.257812,0.203125
Megatron,dbo,_Accounts_from_Banners_On_RCY,816,0.273437,0.257812
Megatron,dbo,zzz_parked_CrossLinks,811,0.140625,0.085937
Megatron,dbo,CraigsListRegionList,810,0.039062,0.039062
Megatron,dbo,obr_CustomerList_v2,768,0.140625,0.101562
Megatron,dbo,AccountPreferenceLog,763,0.437500,0.273437
Megatron,dbo,zzz_ResellerToRatchetLogin,756,0.054687,0.054687
Megatron,dbo,BadWords,749,0.046875,0.046875
Megatron,dbo,obr_CustomerList,744,0.054687,0.054687
Megatron,dbo,zzz_ADPLocalBusinessHours,744,0.054687,0.054687
Megatron,dbo,Tables_Sizes,724,0.140625,0.093750
Megatron,dbo,zzz_PreDefinedLinks,694,0.140625,0.093750
Megatron,dbo,DefZipRadius,677,0.046875,0.046875
Megatron,dbo,obr_CustomerList_V7_Short,670,0.554687,0.351562
Megatron,dbo,obr_CustomerList_v4,661,0.132812,0.109375
Megatron,dbo,obr_CustomerList_V10_Short,660,0.132812,0.062500
Megatron,dbo,AllScheduledJobsOnServer,659,0.398437,0.289062
Megatron,dbo,sf_sales_reps,632,0.070312,0.062500
Megatron,dbo,zzz_RateRegionOption,608,0.046875,0.046875
Megatron,dbo,zzz_GMailAccounts,599,0.054687,0.054687
Megatron,dbo,zzz_BlogTitles,590,0.546875,0.468750
Megatron,dbo,CarFax_ResultLog,586,1.257812,1.250000
Megatron,dbo,MakeSynonym,574,0.039062,0.039062
Megatron,dbo,PartnerRules,560,0.031250,0.031250
Megatron,dbo,zzz_ListingPromoCode,555,0.125000,0.078125
Megatron,dbo,zzz_CurrentADAccountOffice,546,0.070312,0.070312
Megatron,dbo,_OverwriteDupeAccount_Log,538,0.093750,0.039062
Megatron,dbo,FBCatalogStatus,537,0.140625,0.062500
Megatron,dbo,zzz_ptest,526,4.031250,4.023437
Megatron,dbo,NCTDMakeModel,525,0.031250,0.031250
Megatron,dbo,zzz_Dealervault_XLS_Match,519,0.140625,0.085937
Megatron,dbo,obr_PowerListing_Raw_Summary,515,0.265625,0.242187
Megatron,dbo,DealerShips,510,0.140625,0.101562
Megatron,dbo,EmailBySource,503,0.031250,0.031250
Megatron,dbo,AccountPermissions,502,0.070312,0.031250
Megatron,dbo,zzz_craigslist_AZ_201706,500,0.140625,0.117187
Megatron,dbo,obr_Flight_Info_V10_pl,499,0.132812,0.117187
Megatron,dbo,zzz_CoBrandURL,499,0.140625,0.093750
Megatron,dbo,Make,498,0.039062,0.039062
Megatron,dbo,obr_Flight_Info_V7_pl,497,0.625000,0.335937
Megatron,dbo,_Advertiser_Alt_ID,488,1.640625,1.187500
Megatron,dbo,CurrentFBPageAccess,477,0.195312,0.148437
Megatron,dbo,ADPActiveCampaign,470,0.054687,0.054687
Megatron,dbo,zzz_BlogCategory,457,0.031250,0.031250
Megatron,dbo,obr_DisplayClicks,453,0.195312,0.085937
Megatron,dbo,CityGridRateCard,450,0.039062,0.039062
Megatron,dbo,CraigslistAdvertisers,429,0.031250,0.031250
Megatron,dbo,CraigslistBucket,410,0.039062,0.039062
Megatron,dbo,Merge_Campaigns,396,0.070312,0.070312
Megatron,dbo,CraigslistAdvertisers_BU,394,0.023437,0.023437
Megatron,dbo,zzz_ListingBypass,375,0.023437,0.023437
Megatron,dbo,zzz_ratchetlocalmigration_yextclientid,372,0.031250,0.031250
Megatron,dbo,PrintTranslateUpdates,370,0.078125,0.062500
Megatron,dbo,CharterView,360,0.148437,0.101562
Megatron,dbo,LeadsRaw,354,0.031250,0.031250
Megatron,dbo,Craigslist_Burn,351,1.765625,1.742187
Megatron,dbo,_OutboundMasterOther,347,1.757812,1.757812
Megatron,dbo,zzz_OnionSales,347,0.070312,0.054687
Megatron,dbo,DupeDealix,343,0.023437,0.023437
Megatron,dbo,SmartPowerInventory,331,0.132812,0.031250
Megatron,dbo,AreaCode,328,0.031250,0.031250
Megatron,dbo,CraigslistAdvertisers_BU2,326,0.023437,0.023437
Megatron,dbo,zzz_PlatformAuto_Monster_Results,322,0.335937,0.218750
Megatron,dbo,LeadqueuePartial,317,1.359375,0.929687
Megatron,dbo,zzz_ReplcatedTables_JO,315,0.023437,0.023437
Megatron,dbo,obr_Flight_Info_V10,312,0.132812,0.070312
Megatron,dbo,obr_Flight_Info_V7,310,0.523437,0.242187
Megatron,dbo,FeedToPrintAttributeManager,306,0.015625,0.015625
Megatron,dbo,zzz_ResellerBilling,306,0.140625,0.085937
Megatron,dbo,zzz_The3Rep2TMPi_Accounts,305,0.164062,0.109375
Megatron,dbo,PerformanceTargetAccounts,287,0.078125,0.039062
Megatron,dbo,CraigslistMapping,281,0.031250,0.031250
Megatron,dbo,_OutboundMasterAccount,277,0.070312,0.054687
Megatron,dbo,zzz_Branding,276,0.015625,0.015625
Megatron,dbo,zzz_SilverPop_Buyer_Account,270,0.085937,0.046875
Megatron,dbo,zzz_CM_Revisions,269,12.500000,12.445312
Megatron,dbo,zzz_RiskWordsByCategory,268,0.031250,0.031250
Megatron,dbo,MissingRatchetDisplayCreative,267,0.054687,0.054687
Megatron,dbo,zzz_ListingApproval,259,0.015625,0.015625
Megatron,dbo,Countries,249,0.015625,0.015625
Megatron,dbo,zzz_PlatformAutoDataForCompare_OLD,247,0.078125,0.078125
Megatron,dbo,FeedToPrintManager,244,0.031250,0.031250
Megatron,dbo,zzz_GmailAccount,241,0.070312,0.039062
Megatron,dbo,XML_CRMEmails,240,0.070312,0.023437
Megatron,dbo,zzz_AttributeSearch,240,0.031250,0.031250
Megatron,dbo,CountryCode,239,0.015625,0.015625
Megatron,dbo,MAIACustomDealers,235,0.070312,0.046875
Megatron,dbo,FeedReactivates,233,0.070312,0.015625
Megatron,dbo,zzz_ContactTraceData,230,0.031250,0.031250
Megatron,dbo,zzz_DealerVault_SV_TEMP,229,0.515625,0.445312
Megatron,dbo,zzz_RateRegionPrintEditions,225,0.031250,0.031250
Megatron,dbo,zzz_SponsoredSearch,225,0.046875,0.046875
Megatron,dbo,DMA,220,0.039062,0.039062
Megatron,dbo,AdvertiserSubscriptions,218,0.031250,0.031250
Megatron,dbo,CharterCustomerMissingDates_feeds,214,0.015625,0.015625
Megatron,dbo,zzz_CG_Main,213,0.390625,0.351562
Megatron,dbo,zzz_CG_Missing,210,0.039062,0.039062
Megatron,dbo,Make_Long,209,0.015625,0.015625
Megatron,dbo,zzz_CG_Offer,202,0.039062,0.039062
Megatron,dbo,MerchantAccountStatus,198,0.203125,0.132812
Megatron,dbo,_Schedule,197,0.015625,0.015625
Megatron,dbo,zzz_RateRegion,197,0.171875,0.117187
Megatron,dbo,MAIACampaigns,194,0.070312,0.031250
Megatron,dbo,zzz_jc_aso_ratchetaccess,194,0.015625,0.015625
Megatron,dbo,HeaderInfo,183,0.062500,0.062500
Megatron,dbo,ClassCombo,182,0.015625,0.015625
Megatron,dbo,zzz_KeywordRedirection,176,0.039062,0.039062
Megatron,dbo,obr_Campaign_Info_V6,173,0.070312,0.046875
Megatron,dbo,SubClass,169,0.039062,0.039062
Megatron,dbo,CraigslistValues,168,0.015625,0.015625
Megatron,dbo,AdvertiserChange,166,0.070312,0.046875
Megatron,dbo,DMAtoZIP,161,0.023437,0.023437
Megatron,dbo,Model_Long,160,0.015625,0.015625
Megatron,dbo,AccountSecurityOptions,159,0.039062,0.039062
Megatron,dbo,obr_CustomerList_v6,154,0.070312,0.023437
Megatron,dbo,obr_CustomerList_v6_Short,154,0.132812,0.023437
Megatron,dbo,ResellerCompanyCanUseService,154,0.015625,0.015625
Megatron,dbo,PlatformAuto_UTM_Mapping,150,0.078125,0.046875
Megatron,dbo,zzz_rptMarketingNewsletter_PL_OD,146,0.039062,0.039062
Megatron,dbo,ClientGroupSubscription,143,0.070312,0.015625
Megatron,dbo,zzz_Spectrum_RollOver_Data,139,0.070312,0.070312
Megatron,dbo,zzz_Attribute,137,0.015625,0.015625
Megatron,dbo,obr_PhoneLeads_V10,132,0.132812,0.023437
Megatron,dbo,obr_PhoneLeads_V7,132,0.187500,0.085937
Megatron,dbo,zzz_PreDefinedSearchVariables,123,0.015625,0.015625
Megatron,dbo,zzz_dupevins,118,0.015625,0.015625
Megatron,dbo,PrintEditions,112,0.203125,0.203125
Megatron,dbo,Advertiser_Settings,111,0.140625,0.070312
Megatron,dbo,zzz_PetHack,111,0.023437,0.023437
Megatron,dbo,zzz_BestRideDealerStat,109,0.015625,0.015625
Megatron,dbo,DigitalOfficeRep,106,0.015625,0.015625
Megatron,dbo,obr_Flight_Info_V7_fl,106,0.351562,0.117187
Megatron,dbo,JobRunTime,105,0.070312,0.023437
Megatron,dbo,SQLInjectionCheck,102,0.070312,0.015625
Megatron,dbo,DealerGroups,101,0.039062,0.039062
Megatron,dbo,AccountSummary,100,0.015625,0.015625
Megatron,dbo,obr_LocalPerformance_V7,99,0.078125,0.023437
Megatron,dbo,CusRepMove,93,0.023437,0.023437
Megatron,dbo,zzz_PlatformAutoListings,93,0.015625,0.015625
Megatron,dbo,zzz_TimTest,93,0.070312,0.039062
Megatron,dbo,ResellerToDisplayPaymentPlan,92,0.015625,0.015625
Megatron,dbo,CampaignMetaData,91,0.140625,0.070312
Megatron,dbo,CraigslistAdvertisers_NewPostFix,91,0.015625,0.015625
Megatron,dbo,CraigslistSchedule,91,0.023437,0.023437
Megatron,dbo,CraigslistSubBucket,91,0.015625,0.015625
Megatron,dbo,zzz_RateOptionEditionTranslate,91,0.023437,0.023437
Megatron,dbo,zzz_SpectrumLocations,91,0.070312,0.023437
Megatron,dbo,MappedFields,87,0.078125,0.023437
Megatron,dbo,__AllAdEzCampaigns_NewCancel_Temp,86,0.070312,0.031250
Megatron,dbo,SmartAd_Choices,86,0.070312,0.015625
Megatron,dbo,zzz_CouponCategory,81,0.015625,0.015625
Megatron,dbo,obr_PackageMapping_V10,80,0.070312,0.015625
Megatron,dbo,obr_PackageMapping_V7,80,0.070312,0.015625
Megatron,dbo,zzz_URLRedirect,77,0.015625,0.015625
Megatron,dbo,ImageHashes,76,0.070312,0.046875
Megatron,dbo,zzz_LandingPage,76,0.078125,0.070312
Megatron,dbo,ResellerCompany,75,0.085937,0.039062
Megatron,dbo,zzz_PreDefinedImages,75,0.046875,0.046875
Megatron,dbo,DataFeedProvider,74,0.070312,0.015625
Megatron,dbo,zzz_PDFSearch,74,0.218750,0.218750
Megatron,dbo,_TMPDomains,73,0.015625,0.015625
Megatron,dbo,MAIAMarketplace,72,0.070312,0.015625
Megatron,dbo,zzz_parked_Domains,72,0.078125,0.078125
Megatron,dbo,CraigslistEmail,69,0.148437,0.132812
Megatron,dbo,zzz_RateRegionPrintEditionsDiscount,69,0.015625,0.015625
Megatron,dbo,zzz_WhosCallingCustomerIDs,68,0.015625,0.015625
Megatron,dbo,XMLDump,66,0.085937,0.039062
Megatron,dbo,zzz_PromoPrintPublications,66,0.015625,0.015625
Megatron,dbo,xmldump2,65,0.132812,0.023437
Megatron,dbo,State,64,0.015625,0.015625
Megatron,dbo,zzz_Coupon,64,0.031250,0.031250
Megatron,dbo,zzz_resellercompanyBK,63,0.132812,0.023437
Megatron,dbo,zzz_AttributeClassType,58,0.015625,0.015625
Megatron,dbo,_Pending_Feeds,57,0.617187,0.515625
Megatron,dbo,EmailSources,54,0.085937,0.039062
Megatron,dbo,zzz_ADPFeeds_CLEANUP,51,0.023437,0.023437
Megatron,dbo,target_reps,50,0.070312,0.015625
Megatron,dbo,zzz_ListingApprovedStuck,48,0.273437,0.085937
Megatron,dbo,MailTemplate,45,0.140625,0.101562
Megatron,dbo,FbLeadData,44,0.070312,0.015625
Megatron,dbo,ClientGroupAccount,41,0.070312,0.015625
Megatron,dbo,XferGroups,41,0.015625,0.015625
Megatron,dbo,ValidCharacter,40,0.015625,0.015625
Megatron,dbo,DBINFO,39,0.070312,0.015625
Megatron,dbo,DXListingToSUBMIT,39,0.023437,0.023437
Megatron,dbo,PrintPublicationsWordReplace,38,0.015625,0.015625
Megatron,dbo,zzz_ImageDupes,38,0.023437,0.023437
Megatron,dbo,PrintEditionsExtra,36,0.062500,0.062500
Megatron,dbo,PrintPublications,35,0.031250,0.031250
Megatron,dbo,zzz_DealerVault_Accounts,35,0.015625,0.015625
Megatron,dbo,Source,33,0.015625,0.015625
Megatron,dbo,vin_digit,33,0.015625,0.015625
Megatron,dbo,zzz_URLChange,33,0.015625,0.015625
Megatron,dbo,CityGridTopLevel,32,0.015625,0.015625
Megatron,dbo,PrintPublicationsPubDate,32,0.015625,0.015625
Megatron,dbo,zzz_ListingWallPost,32,0.101562,0.046875
Megatron,dbo,AccountSecurtyUsers,30,0.015625,0.015625
Megatron,dbo,zzz_MarketingNewsletter_ContactEmails,30,0.015625,0.015625
Megatron,dbo,zzz_CM_Pages,29,0.015625,0.015625
Megatron,dbo,ListingStatus,28,0.015625,0.015625
Megatron,dbo,zzz_ProofRejectReason,28,0.015625,0.015625
Megatron,dbo,zzz_PublicationLocations,28,0.023437,0.023437
Megatron,dbo,_PubClosestCenterZip,27,0.015625,0.015625
Megatron,dbo,zzz_SubscriptionSubmit,27,0.015625,0.015625
Megatron,dbo,PhyronDealers,26,0.070312,0.015625
Megatron,dbo,zzz_BannerCreative,26,0.015625,0.015625
Megatron,dbo,zzz_DealerVault_SL_TEMP,26,0.132812,0.078125
Megatron,dbo,AccountPreferenceOption,25,0.015625,0.015625
Megatron,dbo,zzz_PreDefinedSearches,25,0.031250,0.031250
Megatron,dbo,JobStatus,24,0.070312,0.015625
Megatron,dbo,VDPDashboard,24,0.070312,0.015625
Megatron,dbo,zzz_SponsoredGeoDistance,24,0.015625,0.015625
Megatron,dbo,zzz_parked_WhatsHot,23,0.015625,0.015625
Megatron,dbo,AccountMaster,22,0.015625,0.015625
Megatron,dbo,SourceOptions,22,0.015625,0.015625
Megatron,dbo,zzz_CodingTranslate,22,0.031250,0.031250
Megatron,dbo,zzz_DealerVaultData,22,0.054687,0.054687
Megatron,dbo,zzz_dealerVaultShort,22,0.015625,0.015625
Megatron,dbo,zzz_RateOption,21,0.015625,0.015625
Megatron,dbo,LocalCom,20,0.015625,0.015625
Megatron,dbo,zzz_ADPSubscriptionCost,20,0.015625,0.015625
Megatron,dbo,zzz_PromoRates,20,0.015625,0.015625
Megatron,dbo,FeedToPrintAttributes,18,0.015625,0.015625
Megatron,dbo,LeadQueueStatus,18,0.015625,0.015625
Megatron,dbo,RatchetDisplayClickPackage,18,0.015625,0.015625
Megatron,dbo,RatchetDisplayCreativeTemplate,18,0.015625,0.015625
Megatron,dbo,zzz_ADPLocalOffer,18,0.015625,0.015625
Megatron,dbo,vin_weight,17,0.015625,0.015625
Megatron,dbo,craigslistpostingsfromfile,16,0.015625,0.015625
Megatron,dbo,EmailScrubRejectReasons,16,0.015625,0.015625
Megatron,dbo,MultiFeedOverwrite,16,0.015625,0.015625
Megatron,dbo,zzz_ContactTraceTemp,16,0.015625,0.015625
Megatron,dbo,ADPSmartAdMapping,15,0.015625,0.015625
Megatron,dbo,BusinessType,15,0.015625,0.015625
Megatron,dbo,FacebookFluff,15,0.070312,0.015625
Megatron,dbo,LeadQueueTypes,15,0.015625,0.015625
Megatron,dbo,RatchetDisplaySize,15,0.015625,0.015625
Megatron,dbo,zzz__AlertsAssignee,15,0.015625,0.015625
Megatron,dbo,zzz_BannerType,15,0.085937,0.085937
Megatron,dbo,zzz_ResellerExpiringEmails,15,0.015625,0.015625
Megatron,dbo,CharterIDMapping_Temp,14,0.070312,0.015625
Megatron,dbo,emailobjectsto,14,0.015625,0.015625
Megatron,dbo,AccountRole,13,0.015625,0.015625
Megatron,dbo,Permission,13,0.070312,0.015625
Megatron,dbo,zzz_BannerType_jc,13,0.023437,0.023437
Megatron,dbo,zzz_BKUPSteps,13,0.015625,0.015625
Megatron,dbo,CharterCustomerDates,12,0.015625,0.015625
Megatron,dbo,CraigslistAttribute,12,0.015625,0.015625
Megatron,dbo,LeadsPivot,12,0.015625,0.015625
Megatron,dbo,PlatformExportFields,12,0.070312,0.015625
Megatron,dbo,RatchetFormTypes,12,0.015625,0.015625
Megatron,dbo,AccountImageConfig,11,0.070312,0.015625
Megatron,dbo,Class,11,0.015625,0.015625
Megatron,dbo,ClassType,11,0.015625,0.015625
Megatron,dbo,DigitalOffice,11,0.015625,0.015625
Megatron,dbo,GeoDistanceTypes,11,0.015625,0.015625
Megatron,dbo,PlatformExportConfiguration,11,0.070312,0.015625
Megatron,dbo,VINCheck,11,0.757812,0.101562
Megatron,dbo,zzz_AttributeMerge,11,0.015625,0.015625
Megatron,dbo,_FolderContentKeeper,10,0.148437,0.039062
Megatron,dbo,zzz_AccountSource133NotUsed,10,0.015625,0.015625
Megatron,dbo,zzz_CustomRecyclerLocation,10,0.015625,0.015625
Megatron,dbo,zzz_VivisimoChange,10,0.015625,0.015625
Megatron,dbo,EmailStatus,9,0.015625,0.015625
Megatron,dbo,fi_Account_Master,9,0.015625,0.015625
Megatron,dbo,InventoryFilter,9,0.070312,0.015625
Megatron,dbo,NCTDCategory,9,0.015625,0.015625
Megatron,dbo,zzz_AttributeType,9,0.015625,0.015625
Megatron,dbo,zzz_FraudFlags,9,0.015625,0.015625
Megatron,dbo,zzz_QAImages,9,0.015625,0.015625
Megatron,dbo,AccountCRM,8,0.015625,0.015625
Megatron,dbo,AccountSecurityGroups,8,0.015625,0.015625
Megatron,dbo,dx_EdTag,8,0.015625,0.015625
Megatron,dbo,LogFile,8,0.015625,0.015625
Megatron,dbo,PivotRawData,8,1.070312,0.140625
Megatron,dbo,RecyclerUTM,8,0.015625,0.015625
Megatron,dbo,zzz__ListingDuration,8,0.468750,0.093750
Megatron,dbo,zzz_BannerSize,8,0.015625,0.015625
Megatron,dbo,zzz_Options,8,0.015625,0.015625
Megatron,dbo,zzz_ProofQueue,8,0.015625,0.015625
Megatron,dbo,zzz_Rate,8,0.015625,0.015625
Megatron,dbo,zzz_SponsoredImage,8,0.015625,0.015625
Megatron,dbo,AccountSecurityReportGroup,7,0.015625,0.015625
Megatron,dbo,ClientGroup,7,0.070312,0.015625
Megatron,dbo,EmailFolders,7,0.015625,0.015625
Megatron,dbo,RatchetDisplayCreativeAlgorithm,7,0.015625,0.015625
Megatron,dbo,RatchetDisplayTargetClickCost,7,0.015625,0.015625
Megatron,dbo,ResellerReportSharing,7,0.015625,0.015625
Megatron,dbo,zzz_CMS_Content,7,0.015625,0.015625
Megatron,dbo,zzz_PromoCodesSource,7,0.015625,0.015625
Megatron,dbo,zzz_RatchetLocalOfferType,7,0.015625,0.015625
Megatron,dbo,_Job,6,0.015625,0.015625
Megatron,dbo,AccountAlerts,6,0.851562,0.531250
Megatron,dbo,AccountOverlay,6,0.070312,0.015625
Megatron,dbo,RatchetDisplayNetworkPlacement,6,0.015625,0.015625
Megatron,dbo,RatchetFeedPackage,6,0.015625,0.015625
Megatron,dbo,Rules,6,0.015625,0.015625
Megatron,dbo,zzz_CM_Type,6,0.015625,0.015625
Megatron,dbo,zzz_CMS_History,6,0.015625,0.015625
Megatron,dbo,AccountStatus,5,0.015625,0.015625
Megatron,dbo,FacebookCampaignFluff,5,0.070312,0.015625
Megatron,dbo,LeadDupeFind,5,0.023437,0.023437
Megatron,dbo,ListingPriceType,5,0.015625,0.015625
Megatron,dbo,MetaBusinessManagerStatuses,5,0.070312,0.015625
Megatron,dbo,obr_Dates_V10,5,0.070312,0.015625
Megatron,dbo,obr_Dates_V7,5,0.140625,0.085937
Megatron,dbo,SortedListing,5,0.015625,0.015625
Megatron,dbo,TMPiServices,5,0.015625,0.015625
Megatron,dbo,znfStatus,5,0.015625,0.015625
Megatron,dbo,zzz_AccountSavedQueryFrequency,5,0.015625,0.015625
Megatron,dbo,zzz_AutoStation_d5372751,5,0.023437,0.023437
Megatron,dbo,zzz_BannerLocation,5,0.015625,0.015625
Megatron,dbo,zzz_PromoCodes,5,0.015625,0.015625
Megatron,dbo,zzz_RateOptionGroupType,5,0.015625,0.015625
Megatron,dbo,zzz_RateOptionStatus,5,0.015625,0.015625
Megatron,dbo,zzz_UserAlert,5,0.140625,0.031250
Megatron,dbo,CharterIDMapping_Regions,4,0.015625,0.015625
Megatron,dbo,obr_PhoneLeads,4,0.070312,0.015625
Megatron,dbo,SmartAd_ChoiceDefaults,4,0.070312,0.015625
Megatron,dbo,zzz_CM_Status,4,0.015625,0.015625
Megatron,dbo,zzz_ListingPrintEditions_Combination,4,0.140625,0.039062
Megatron,dbo,zzz_PublicationRegion,4,0.015625,0.015625
Megatron,dbo,zzz_ReceiptStatus,4,0.015625,0.015625
Megatron,dbo,AccountDupeRemoveLog,3,0.273437,0.171875
Megatron,dbo,ListingUpsellStatus,3,0.015625,0.015625
Megatron,dbo,RatchetDisplayCreativeType,3,0.015625,0.015625
Megatron,dbo,RatchetDisplayPaymentPlan,3,0.015625,0.015625
Megatron,dbo,Salutation,3,0.015625,0.015625
Megatron,dbo,zzz__AlertsNoteType,3,0.015625,0.015625
Megatron,dbo,zzz_BannerState,3,0.015625,0.015625
Megatron,dbo,zzz_CampaignMonitor_Client,3,0.015625,0.015625
Megatron,dbo,zzz_DealerVault_SV_APPT_TEMP,3,0.070312,0.015625
Megatron,dbo,zzz_DynamicInventoryColorScheme,3,0.015625,0.015625
Megatron,dbo,zzz_FlagReason,3,0.015625,0.015625
Megatron,dbo,zzz_O365_Accounts,3,0.015625,0.015625
Megatron,dbo,zzz_Parked_ContentTypes,3,0.015625,0.015625
Megatron,dbo,zzz_PDFTypes,3,0.015625,0.015625
Megatron,dbo,zzz_PromoStatus,3,0.015625,0.015625
Megatron,dbo,zzz_RatchetLocalDisplayStatus,3,0.015625,0.015625
Megatron,dbo,zzz_RateOptionGroup,3,0.015625,0.015625
Megatron,dbo,zzz_RefundType,3,0.015625,0.015625
Megatron,dbo,zzz_ResellerSecurity,3,0.015625,0.015625
Megatron,dbo,AccountImageOverlays,2,0.070312,0.015625
Megatron,dbo,CoreLog,2,0.070312,0.015625
Megatron,dbo,EmailType,2,0.015625,0.015625
Megatron,dbo,GoogleAnalyticsMapping,2,0.070312,0.015625
Megatron,dbo,LogType,2,0.015625,0.015625
Megatron,dbo,RatchetDisplayPackages,2,0.015625,0.015625
Megatron,dbo,RatchetDisplayTarget,2,0.015625,0.015625
Megatron,dbo,ResellerCompanyType,2,0.015625,0.015625
Megatron,dbo,SortedPosting,2,0.015625,0.015625
Megatron,dbo,sysdiagrams,2,0.132812,0.132812
Megatron,dbo,TwilioNumbers,2,0.070312,0.015625
Megatron,dbo,zzz_AccountPhoneFix,2,0.140625,0.031250
Megatron,dbo,zzz_CampaignMonitor_List,2,0.015625,0.015625
Megatron,dbo,zzz_CMS_Type,2,0.015625,0.015625
Megatron,dbo,zzz_HealthCheckType,2,0.015625,0.015625
Megatron,dbo,zzz_Parked_SiteTypes,2,0.015625,0.015625
Megatron,dbo,zzz_PromoType,2,0.015625,0.015625
Megatron,dbo,_FolderContentManager,1,0.015625,0.015625
Megatron,dbo,CRM,1,0.015625,0.015625
Megatron,dbo,ImportFile,1,1.640625,1.546875
Megatron,dbo,MetaAdCreationWebhookRuleJson,1,0.070312,0.015625
Megatron,dbo,obf_Chrome,1,0.078125,0.078125
Megatron,dbo,obr_Dates_v6,1,0.070312,0.015625
Megatron,dbo,OLMDestinations,1,0.015625,0.015625
Megatron,dbo,VIN_Existing,1,0.093750,0.039062
Megatron,dbo,zzz_APIKeys,1,0.015625,0.015625
Megatron,dbo,zzz_BKUPSettings,1,0.015625,0.015625
Megatron,dbo,zzz_CM_Templates,1,0.015625,0.015625
Megatron,dbo,zzz_CMS_Location,1,0.015625,0.015625
Megatron,dbo,zzz_RefundModifyNoteLog,1,0.015625,0.015625
Megatron,dbo,zzz_TurboProgram,1,0.015625,0.015625
Megatron,dbo,zzz_VastExploratory,1,0.023437,0.023437
Megatron,dbo,zzz_VoterType,1,0.015625,0.015625
Megatron,dbo,_Accounts_from_Advantage,0,0.000000,0.000000
Megatron,dbo,_Accounts_from_Endeavor,0,0.203125,0.148437
Megatron,dbo,_DXLIVEFIX_Rows,0,0.000000,0.000000
Megatron,dbo,_OutboundMasterHomes,0,1.140625,0.156250
Megatron,dbo,_OutboundMasterJobs,0,0.000000,0.000000
Megatron,dbo,_TempMake,0,0.000000,0.000000
Megatron,dbo,_TempMakeSynonym,0,0.000000,0.000000
Megatron,dbo,_TempModels,0,0.000000,0.000000
Megatron,dbo,_TempPrintCount,0,0.000000,0.000000
Megatron,dbo,AccountCanvasImageOverlays,0,0.000000,0.000000
Megatron,dbo,AccountNotes,0,0.023437,0.023437
Megatron,dbo,AccountOverwrite,0,0.000000,0.000000
Megatron,dbo,AccountSecurityOptions_Log,0,0.109375,0.054687
Megatron,dbo,AccountVerifiedLog,0,0.054687,0.054687
Megatron,dbo,AdEzMegatronMismatch,0,0.000000,0.000000
Megatron,dbo,ADPPackages,0,0.000000,0.000000
Megatron,dbo,AgentEventContract,0,0.000000,0.000000
Megatron,dbo,AiAgent,0,0.000000,0.000000
Megatron,dbo,BADLEADS,0,0.000000,0.000000
Megatron,dbo,cardata,0,0.000000,0.000000
Megatron,dbo,CarFaxData,0,0.351562,0.242187
Megatron,dbo,ClientFeedSetting,0,0.132812,0.023437
Megatron,dbo,ClientId_Mapping,0,0.000000,0.000000
Megatron,dbo,ClientIdMapping,0,0.000000,0.000000
Megatron,dbo,dx_AccountRep,0,0.000000,0.000000
Megatron,dbo,dx_images,0,0.000000,0.000000
Megatron,dbo,dx_listings,0,0.000000,0.000000
Megatron,dbo,dx_listings_list,0,0.000000,0.000000
Megatron,dbo,dx_livesyncmanager_del,0,0.000000,0.000000
Megatron,dbo,dx_options,0,0.000000,0.000000
Megatron,dbo,DXAccountSyncManager,0,0.000000,0.000000
Megatron,dbo,DXLiveListingImageID,0,0.000000,0.000000
Megatron,dbo,DXLiveListingOptionID,0,0.000000,0.000000
Megatron,dbo,DXLiveSyncManager,0,0.000000,0.000000
Megatron,dbo,EventTypeCatalog,0,0.000000,0.000000
Megatron,dbo,EveryAuto_Unprocessed,0,0.000000,0.000000
Megatron,dbo,FeedToPrintListings,0,0.054687,0.054687
Megatron,dbo,GeoDistanceLog,0,0.000000,0.000000
Megatron,dbo,GeoDistanceSynonyms,0,0.000000,0.000000
Megatron,dbo,GoogleAdAccountStatus,0,0.000000,0.000000
Megatron,dbo,IntMaxes,0,0.000000,0.000000
Megatron,dbo,InvalidDomains,0,0.210937,0.210937
Megatron,dbo,InventoryFilterAdvanced,0,0.070312,0.015625
Megatron,dbo,InventoryRules,0,0.000000,0.000000
Megatron,dbo,InventorySource,0,0.000000,0.000000
Megatron,dbo,InventorySourceType,0,0.000000,0.000000
Megatron,dbo,LeadGenLogs,0,0.000000,0.000000
Megatron,dbo,LeadHistory,0,0.015625,0.015625
Megatron,dbo,LeadinMismatch,0,0.093750,0.093750
Megatron,dbo,LeadVerify,0,0.007812,0.007812
Megatron,dbo,ListingAssetsDownload,0,0.000000,0.000000
Megatron,dbo,ListingCIM,0,0.000000,0.000000
Megatron,dbo,ListingLog,0,0.132812,0.023437
Megatron,dbo,ListingPurge,0,0.000000,0.000000
Megatron,dbo,ListingStatusLog,0,0.132812,0.023437
Megatron,dbo,MailTemplateBySource,0,0.000000,0.000000
Megatron,dbo,MetaAdCreationWebhookLogs,0,0.000000,0.000000
Megatron,dbo,MetaBusinessManagers,0,0.000000,0.000000
Megatron,dbo,MissingFeedExtras,0,0.078125,0.023437
Megatron,dbo,NewIPBlocks,0,0.000000,0.000000
Megatron,dbo,NewZipCodes,0,0.007812,0.007812
Megatron,dbo,obr_CreativeImages_V6,0,0.000000,0.000000
Megatron,dbo,obr_DisplayClicks_V6,0,0.000000,0.000000
Megatron,dbo,obr_DisplayGeoClicks,0,0.000000,0.000000
Megatron,dbo,obr_DisplayGeoClicks_V6,0,0.000000,0.000000
Megatron,dbo,obr_EmailLeads,0,0.000000,0.000000
Megatron,dbo,obr_EmailLeads_V6,0,0.000000,0.000000
Megatron,dbo,obr_HiLoPerformance,0,0.070312,0.015625
Megatron,dbo,obr_Leads,0,0.000000,0.000000
Megatron,dbo,obr_LocalPerformance,0,0.000000,0.000000
Megatron,dbo,obr_LocalPerformance_V6,0,0.000000,0.000000
Megatron,dbo,obr_NetworkPerformance_Totals_V6,0,0.000000,0.000000
Megatron,dbo,obr_NetworkPerformance_V6,0,0.000000,0.000000
Megatron,dbo,obr_PhoneLeads_V6,0,0.000000,0.000000
Megatron,dbo,obr_PowerListingPerformance_V6,0,0.000000,0.000000
Megatron,dbo,obr_SearchDetailPerformance,0,0.000000,0.000000
Megatron,dbo,obr_SearchDetailPerformance_V6,0,0.000000,0.000000
Megatron,dbo,obr_VehiclePerformance_V6,0,0.000000,0.000000
Megatron,dbo,PhoneFix,0,0.000000,0.000000
Megatron,dbo,PrintTranslateImport,0,0.000000,0.000000
Megatron,dbo,ProductConfig,0,0.000000,0.000000
Megatron,dbo,RatchetChanges,0,0.000000,0.000000
Megatron,dbo,RatchetClient,0,0.000000,0.000000
Megatron,dbo,RatchetDisplay,0,0.000000,0.000000
Megatron,dbo,RatchetDisplay_post_Mini_Log,0,0.000000,0.000000
Megatron,dbo,RatchetDisplayCreative,0,0.000000,0.000000
Megatron,dbo,RatchetDisplayGeo,0,0.000000,0.000000
Megatron,dbo,RatchetDisplayIsLiveExpired,0,0.000000,0.000000
Megatron,dbo,RatchetDisplayIsLiveFix,0,0.000000,0.000000
Megatron,dbo,RatchetDisplayMigration,0,0.000000,0.000000
Megatron,dbo,RatchetDisplayNationWideBackup,0,0.000000,0.000000
Megatron,dbo,RatchetDisplayStates,0,0.000000,0.000000
Megatron,dbo,RatchetDisplayZipCodes,0,0.000000,0.000000
Megatron,dbo,RatchetFeeds,0,0.000000,0.000000
Megatron,dbo,ReportGeneratorLogs,0,0.000000,0.000000
Megatron,dbo,ResllerAccountCompany,0,0.000000,0.000000
Megatron,dbo,smartadcheck_joined,0,1.070312,0.140625
Megatron,dbo,SmartPowerNotes,0,0.000000,0.000000
Megatron,dbo,SubscriptionListing,0,83.421875,64.546875
Megatron,dbo,Temp_FeedListingProperty,0,0.007812,0.007812
Megatron,dbo,Temp_FeedListings,0,0.078125,0.023437
Megatron,dbo,Temp_FeedListings_Keepers,0,0.078125,0.023437
Megatron,dbo,TempDMA,0,0.000000,0.000000
Megatron,dbo,UserAlert,0,0.000000,0.000000
Megatron,dbo,VDPdomain_Mismatch,0,0.000000,0.000000
Megatron,dbo,ViewHistory,0,0.015625,0.015625
Megatron,dbo,VINDecode_Results,0,0.000000,0.000000
Megatron,dbo,WebCrawlerImport,0,0.070312,0.015625
Megatron,dbo,WebCrawlerTemp,0,0.132812,0.023437
Megatron,dbo,XMLImportFile,0,0.000000,0.000000
Megatron,dbo,zipxml,0,0.000000,0.000000
Megatron,dbo,zzz__AutoHomePageShowcase,0,0.000000,0.000000
Megatron,dbo,zzz__SilverPop,0,0.000000,0.000000
Megatron,dbo,zzz__SilverPopAccounts,0,0.000000,0.000000
Megatron,dbo,zzz__SlvrP_temp,0,0.000000,0.000000
Megatron,dbo,zzz__Steven_Activates_Report,0,0.007812,0.007812
Megatron,dbo,zzz__TempAutoApprove,0,0.000000,0.000000
Megatron,dbo,zzz__WCLastLead,0,0.007812,0.007812
Megatron,dbo,zzz_AccountBackground,0,0.000000,0.000000
Megatron,dbo,zzz_AccountCreditCard,0,0.312500,0.210937
Megatron,dbo,zzz_AccountSavedQueryEmailLog,0,0.187500,0.132812
Megatron,dbo,zzz_AccountStatusLog,0,0.132812,0.132812
Megatron,dbo,zzz_ADPLocalDisplayStatus,0,0.000000,0.000000
Megatron,dbo,zzz_ADPLocalOfferType,0,0.000000,0.000000
Megatron,dbo,zzz_ADPLocalProfileImages,0,0.000000,0.000000
Megatron,dbo,zzz_ADPLocalStartEnd_v2,0,0.000000,0.000000
Megatron,dbo,zzz_allvincreated,0,0.007812,0.007812
Megatron,dbo,zzz_AlreadyPulled,0,0.007812,0.007812
Megatron,dbo,zzz_APILogs,0,0.000000,0.000000
Megatron,dbo,zzz_attrep_truncation_safeguard,0,0.000000,0.000000
Megatron,dbo,zzz_AutomotiveExploratory,0,0.015625,0.015625
Megatron,dbo,zzz_BannerAlertLog,0,0.000000,0.000000
Megatron,dbo,zzz_BannerImageLog,0,0.015625,0.015625
Megatron,dbo,zzz_BannerLog,0,0.085937,0.031250
Megatron,dbo,zzz_BestRideVinStat,0,0.015625,0.015625
Megatron,dbo,zzz_BKUPLog,0,0.031250,0.031250
Megatron,dbo,zzz_BorisOnlyChromeData,0,0.000000,0.000000
Megatron,dbo,zzz_BubbaListings,0,0.000000,0.000000
Megatron,dbo,zzz_Captcha,0,0.031250,0.031250
Megatron,dbo,zzz_cgResultsBU,0,0.007812,0.007812
Megatron,dbo,zzz_CM_Images,0,0.000000,0.000000
Megatron,dbo,zzz_DealerVault_Matched,0,1.078125,0.148437
Megatron,dbo,zzz_FRAUDIPINFO,0,0.015625,0.015625
Megatron,dbo,zzz_getRecruiterDrivers,0,0.000000,0.000000
Megatron,dbo,zzz_GrouponSubClass,0,0.000000,0.000000
Megatron,dbo,zzz_HealthCheck,0,0.148437,0.093750
Megatron,dbo,zzz_HISTORY_BANNER,0,0.000000,0.000000
Megatron,dbo,zzz_HISTORY_BANNERCREATIVE,0,0.000000,0.000000
Megatron,dbo,zzz_HISTORY_BANNERGEODISTANCE,0,0.000000,0.000000
Megatron,dbo,zzz_HISTORY_BANNERKEYWORD,0,0.000000,0.000000
Megatron,dbo,zzz_HISTORY_BANNERLOCATIONSELECTED,0,0.000000,0.000000
Megatron,dbo,zzz_HISTORY_BANNERSUBCLASS,0,0.000000,0.000000
Megatron,dbo,zzz_HISTORY_BANNERZIPCODE,0,0.000000,0.000000
Megatron,dbo,zzz_HondaofAventura,0,0.000000,0.000000
Megatron,dbo,zzz_JSListings,0,0.000000,0.000000
Megatron,dbo,zzz_JuneLeadScrum,0,0.023437,0.023437
Megatron,dbo,zzz_KPI_EndeavorEmployees,0,0.007812,0.007812
Megatron,dbo,zzz_kpi_EndeavorSales,0,0.015625,0.015625
Megatron,dbo,zzz_ListingPrintLog,0,0.343750,0.242187
Megatron,dbo,zzz_ListingRateRegionBackup,0,0.195312,0.195312
Megatron,dbo,zzz_ListingsWithVIN,0,0.000000,0.000000
Megatron,dbo,zzz_ListingVehicleNew,0,0.015625,0.015625
Megatron,dbo,zzz_ListingWeeksLog,0,0.343750,0.242187
Megatron,dbo,zzz_OodleCategories,0,0.000000,0.000000
Megatron,dbo,zzz_PagingBinning,0,0.000000,0.000000
Megatron,dbo,zzz_PDFGenerated,0,0.000000,0.000000
Megatron,dbo,zzz_PetRecommendations,0,0.000000,0.000000
Megatron,dbo,zzz_PLETracker,0,0.203125,0.039062
Megatron,dbo,zzz_ProgressusPull,0,0.000000,0.000000
Megatron,dbo,zzz_ProofLock,0,0.023437,0.023437
Megatron,dbo,zzz_PurgeList,0,0.000000,0.000000
Megatron,dbo,zzz_Query,0,0.000000,0.000000
Megatron,dbo,zzz_RatchetFulfillmentLog,0,0.000000,0.000000
Megatron,dbo,zzz_RatchetLocal,0,0.000000,0.000000
Megatron,dbo,zzz_RatchetLocalBusinessHours,0,0.000000,0.000000
Megatron,dbo,zzz_RatchetLocalCategories,0,0.000000,0.000000
Megatron,dbo,zzz_RatchetLocalIsLiveExpired,0,0.000000,0.000000
Megatron,dbo,zzz_RatchetLocalIsLiveFix,0,0.000000,0.000000
Megatron,dbo,zzz_RatchetLocalMigration,0,0.000000,0.000000
Megatron,dbo,zzz_RatchetLocalOffer,0,0.000000,0.000000
Megatron,dbo,zzz_RatchetLocalProfileImages,0,0.000000,0.000000
Megatron,dbo,zzz_RatchetLocalStartEnd_v2,0,0.000000,0.000000
Megatron,dbo,zzz_Refinement,0,0.000000,0.000000
Megatron,dbo,zzz_RegiftBackUp,0,0.000000,0.000000
Megatron,dbo,zzz_SearchQueries,0,0.000000,0.000000
Megatron,dbo,zzz_SearchQueries_v2,0,0.015625,0.015625
Megatron,dbo,zzz_SearchQueries_v3,0,0.000000,0.000000
Megatron,dbo,zzz_SearchQueriesLogs,0,0.000000,0.000000
Megatron,dbo,zzz_SilverPop_Buyer_Leads,0,0.000000,0.000000
Megatron,dbo,zzz_SilverPop_TJS_Account,0,0.000000,0.000000
Megatron,dbo,zzz_solar_autos,0,0.000000,0.000000
Megatron,dbo,zzz_SPFIND,0,0.000000,0.000000
Megatron,dbo,zzz_SponsoredLog,0,0.000000,0.000000
Megatron,dbo,zzz_synonyms,0,0.000000,0.000000
Megatron,dbo,zzz_temp_adez_Business,0,0.000000,0.000000
Megatron,dbo,zzz_tempcitygridcats,0,0.000000,0.000000
Megatron,dbo,zzz_tempproofingsummary,0,0.000000,0.000000
Megatron,dbo,zzz_TempVastPhoneData,0,0.000000,0.000000
Megatron,dbo,zzz_timvehicledata,0,0.148437,0.039062
Megatron,dbo,zzz_TMPAttribution,0,0.000000,0.000000
Megatron,dbo,zzz_Voter,0,0.000000,0.000000
Megatron,dbo,zzz_WhosCallingAccount,0,0.015625,0.015625
Megatron,dbo,zzz_WhosCalllingMasterCampaign,0,0.562500,0.453125
MegatronRepository,dbo,ListingRepository,73790475,53348.085937,53343.882812
MegatronRepository,dbo,ListingVehicleRepository,69370619,18933.632812,18926.109375
MegatronRepository,dbo,acc_id_lst_ID,12498629,224.585937,218.914062
MegatronRepository,dbo,LeadQueueRepository,7892374,14637.835937,14635.468750
MegatronRepository,dbo,ListingLastUpload,428399,12.726562,9.492187
MegatronRepository,dbo,ReceiptRepository,59632,14.031250,13.976562
MegatronRepository,dbo,_MigrateListing,13941,2.320312,2.281250
MegatronRepository,dbo,_MigrateListingVehicle,13941,2.257812,2.242187
MegatronRepository,dbo,BKUPLog,11221,0.351562,0.328125
MegatronRepository,dbo,RefundRepository,3697,0.546875,0.515625
MegatronRepository,dbo,BKUPHistory,1986,0.140625,0.117187
MegatronRepository,dbo,AllScheduledJobsOnServer,911,0.781250,0.390625
MegatronRepository,dbo,_MigrateLeadqueue,17,1.140625,0.156250
MegatronRepository,dbo,BKUPSteps,13,0.015625,0.015625
MegatronRepository,dbo,DBINFO,12,0.015625,0.015625
MegatronRepository,dbo,znfStatus,5,0.015625,0.015625
MegatronRepository,dbo,CoreLog,4,0.015625,0.015625
MegatronRepository,dbo,BKUPSettings,1,0.015625,0.015625
MegatronRepository,dbo,IntMaxes,1,0.015625,0.015625
MegatronRepository,dbo,DealerVault_Matched,0,0.070312,0.015625
MegatronRepository,dbo,DealerVault_Matching,0,1.070312,0.140625
MegatronRepository,dbo,EmailObjectsRepository,0,0.000000,0.000000
MegatronRepository,dbo,LogFile,0,0.000000,0.000000
MegatronRepository,dbo,MailQueueRepository,0,0.000000,0.000000
MegatronRepository,dbo,SearchQueriesLogsRepository,0,0.000000,0.000000
MegatronRepository,dbo,ZipNFTP,0,0.000000,0.000000
OutboundFeeds,dbo,obf_Destination_Budgets,15511902,1533.445312,1530.796875
OutboundFeeds,dbo,obf_LotVantage_CrawlData,752760,2888.968750,2885.218750
OutboundFeeds,dbo,obf_CarFax_Data,464287,81.070312,81.046875
OutboundFeeds,dbo,obf_BestRidecom_Ads,316740,1042.343750,1042.093750
OutboundFeeds,dbo,obf_VastFree_Ads,253310,250.695312,250.625000
OutboundFeeds,dbo,obf_Web2Carz_Free_Ads,223826,759.140625,759.000000
OutboundFeeds,dbo,FTP_Log,166746,119.132812,118.609375
OutboundFeeds,dbo,obf_Criteo_Vehicles,164827,291.757812,291.710937
OutboundFeeds,dbo,AccountDestinations,85584,15.109375,13.390625
OutboundFeeds,dbo,obf_PlatformAuto_Ads,79953,227.007812,226.953125
OutboundFeeds,dbo,obf_PlatformAuto_Ads_Hash,79952,228.570312,228.523437
OutboundFeeds,dbo,ZipSize,62718,21.117187,16.078125
OutboundFeeds,dbo,OutboundLog,45859,5.132812,5.093750
OutboundFeeds,dbo,obf_ResponseLogix_Data,18218,69.257812,69.250000
OutboundFeeds,dbo,obf_FeedHub_CrawlData,13596,70.515625,70.382812
OutboundFeeds,dbo,BKUPLog,10602,0.320312,0.281250
OutboundFeeds,dbo,obf_TapClassifieds_Ads,8679,34.445312,34.429687
OutboundFeeds,dbo,obf_LotVantage_Ads,8384,35.265625,34.539062
OutboundFeeds,dbo,obf_ResponsePath_Data,6232,27.070312,27.023437
OutboundFeeds,dbo,PlatformAuto_ExportSummary,4542,0.671875,0.640625
OutboundFeeds,dbo,obf_InstaVid360_Ads,2987,7.882812,7.882812
OutboundFeeds,dbo,SQLInjectionCheck,2667,0.132812,0.132812
OutboundFeeds,dbo,BKUPHistory,2344,0.132812,0.132812
OutboundFeeds,dbo,OBF_BRcom_Dealers_Lookup,2130,0.593750,0.429687
OutboundFeeds,dbo,CoreLog,1952,0.632812,0.609375
OutboundFeeds,dbo,CarFaxManager,1765,0.351562,0.218750
OutboundFeeds,dbo,Web__OBF_LatestRecord,1559,0.320312,0.210937
OutboundFeeds,dbo,obf_BRcomFree_ads,1541,6.820312,6.781250
OutboundFeeds,dbo,obf_BestRidecom_Dealers,1029,0.265625,0.226562
OutboundFeeds,dbo,DestinationXLate,976,0.054687,0.054687
OutboundFeeds,dbo,AllScheduledJobsOnServer,878,0.320312,0.312500
OutboundFeeds,dbo,obf_VastFree_Dealers,706,0.132812,0.125000
OutboundFeeds,dbo,Dw_ResponsePath,386,0.070312,0.015625
OutboundFeeds,dbo,obf_EveryAuto_Ads,356,2.632812,2.632812
OutboundFeeds,dbo,obf_PlatformAuto_Dealers,305,0.070312,0.062500
OutboundFeeds,dbo,Dw_ResponseLogix,278,0.070312,0.015625
OutboundFeeds,dbo,obf_CraigsListLV_Ads,262,3.953125,3.437500
OutboundFeeds,dbo,obf_CraigsListDT_Ads,212,1.007812,0.953125
OutboundFeeds,dbo,Tables_Sizes,130,0.023437,0.023437
OutboundFeeds,dbo,Destinations,69,0.015625,0.015625
OutboundFeeds,dbo,obf_TJS_Export,56,0.070312,0.023437
OutboundFeeds,dbo,DBINFO,38,0.015625,0.015625
OutboundFeeds,dbo,obf_LotVantage_Dealers,29,0.070312,0.015625
OutboundFeeds,dbo,BKUPSteps,13,0.015625,0.015625
OutboundFeeds,dbo,obf_BRcomFree_dealers,6,0.070312,0.015625
OutboundFeeds,dbo,obf_AuctionMappings,5,0.070312,0.015625
OutboundFeeds,dbo,obf_CraigsListDT_Dealers,4,0.070312,0.015625
OutboundFeeds,dbo,OBF_CreditLogix_Dealers_Lookup,3,0.070312,0.015625
OutboundFeeds,dbo,obf_CraigsListLV_Dealers,2,0.070312,0.015625
OutboundFeeds,dbo,obf_EveryAuto_Dealers,2,0.070312,0.015625
OutboundFeeds,dbo,obf_TapClassifieds_Dealers,2,0.070312,0.015625
OutboundFeeds,dbo,sysdiagrams,2,0.039062,0.039062
OutboundFeeds,dbo,BKUPSettings,1,0.015625,0.015625
OutboundFeeds,dbo,obf_Auction123_Ads,1,0.070312,0.015625
OutboundFeeds,dbo,obf_AutoByTel_Ads,1,0.070312,0.015625
OutboundFeeds,dbo,obf_AutoByTel_Dealers,1,0.070312,0.015625
OutboundFeeds,dbo,obf_Autolist_Ads,1,0.070312,0.015625
OutboundFeeds,dbo,obf_AutoList_Dealers,1,0.070312,0.015625
OutboundFeeds,dbo,obf_automarketdirect_Ads,1,0.070312,0.015625
OutboundFeeds,dbo,obf_automarketdirect_Dealers,1,0.070312,0.015625
OutboundFeeds,dbo,obf_AutomotiveCom_Ads,1,0.070312,0.015625
OutboundFeeds,dbo,obf_AutomotiveCom_Dealers,1,0.070312,0.015625
OutboundFeeds,dbo,obf_AutosUsados_Ads,1,0.070312,0.015625
OutboundFeeds,dbo,obf_AutosUsados_Dealers,1,0.070312,0.015625
OutboundFeeds,dbo,obf_CarsDirect_Ads,1,0.070312,0.015625
OutboundFeeds,dbo,obf_CarsDirect_Dealers,1,0.070312,0.015625
OutboundFeeds,dbo,obf_CreditLogix_Data,1,0.070312,0.015625
OutboundFeeds,dbo,obf_DetroitTrading_Ads,1,0.070312,0.015625
OutboundFeeds,dbo,obf_DetroitTrading_Dealers,1,0.070312,0.015625
OutboundFeeds,dbo,obf_eBayMotorsLV_Ads,1,0.070312,0.015625
OutboundFeeds,dbo,obf_eBayMotorsLV_Dealers,1,0.070312,0.015625
OutboundFeeds,dbo,obf_GetAuto_Ads,1,0.070312,0.015625
OutboundFeeds,dbo,obf_GetAuto_Dealers,1,0.070312,0.015625
OutboundFeeds,dbo,obf_ISeeCars_Ads,1,0.070312,0.015625
OutboundFeeds,dbo,obf_rentus_Ads,1,0.070312,0.015625
OutboundFeeds,dbo,obf_rentus_Dealers,1,0.070312,0.015625
OutboundFeeds,dbo,obf_tmp_ADS,1,0.070312,0.015625
OutboundFeeds,dbo,obf_TMP_Dealers,1,0.070312,0.015625
OutboundFeeds,dbo,obf_Vast_Paid_Ads,1,0.070312,0.015625
OutboundFeeds,dbo,obf_Vast_Paid_Dealers,1,0.070312,0.015625
OutboundFeeds,dbo,obf_Web2Carz_Paid_Ads,1,0.070312,0.015625
OutboundFeeds,dbo,DestinationSources,0,0.000000,0.000000
OutboundFeeds,dbo,ibf_CarFax,0,0.000000,0.000000
OutboundFeeds,dbo,ibf_CarFax_LastRun,0,0.000000,0.000000
OutboundFeeds,dbo,ibf_CarFax_Temp,0,0.000000,0.000000
OutboundFeeds,dbo,ImageProxyAccounts,0,0.015625,0.015625
OutboundFeeds,dbo,ImagesXML,0,0.000000,0.000000
OutboundFeeds,dbo,IntMaxes,0,0.000000,0.000000
OutboundFeeds,dbo,obf_AmericanClassifieds_Ads,0,0.000000,0.000000
OutboundFeeds,dbo,obf_Auction123_Dealers,0,0.000000,0.000000
OutboundFeeds,dbo,obf_AutaBuy_Ads,0,0.000000,0.000000
OutboundFeeds,dbo,obf_AutaBuy_Dealers,0,0.000000,0.000000
OutboundFeeds,dbo,obf_Campusave_Temp,0,0.000000,0.000000
OutboundFeeds,dbo,obf_CarDomain_Ads,0,0.000000,0.000000
OutboundFeeds,dbo,obf_CarDomain_Dealers,0,0.000000,0.000000
OutboundFeeds,dbo,obf_CarGigi_Ads,0,0.000000,0.000000
OutboundFeeds,dbo,obf_CarGigi_Dealers,0,0.000000,0.000000
OutboundFeeds,dbo,obf_CarGurus_Ads,0,0.000000,0.000000
OutboundFeeds,dbo,obf_CarGurus_Dealers,0,0.000000,0.000000
OutboundFeeds,dbo,obf_CharterDealers,0,0.000000,0.000000
OutboundFeeds,dbo,obf_CharterDealers_Ads,0,0.000000,0.000000
OutboundFeeds,dbo,obf_Claz_Ads,0,0.000000,0.000000
OutboundFeeds,dbo,obf_DealerCMO_Ads,0,0.000000,0.000000
OutboundFeeds,dbo,obf_DealerCMO_Dealers,0,0.000000,0.000000
OutboundFeeds,dbo,obf_Dealix_Ads,0,0.000000,0.000000
OutboundFeeds,dbo,obf_DealSea_Ads,0,0.000000,0.000000
OutboundFeeds,dbo,obf_DealSea_Dealers,0,0.000000,0.000000
OutboundFeeds,dbo,obf_DetroitTrading_RE_Ads,0,0.000000,0.000000
OutboundFeeds,dbo,obf_DetroitTrading_RE_Dealers,0,0.000000,0.000000
OutboundFeeds,dbo,obf_DetroitTrading_TESTAds,0,0.000000,0.000000
OutboundFeeds,dbo,obf_DetroitTrading_TESTDealers,0,0.000000,0.000000
OutboundFeeds,dbo,obf_DominionVDP_Ads,0,0.000000,0.000000
OutboundFeeds,dbo,obf_DominionVDP_Dealers,0,0.000000,0.000000
OutboundFeeds,dbo,obf_GumiyoJ,0,0.000000,0.000000
OutboundFeeds,dbo,obf_GumiyoV,0,0.000000,0.000000
OutboundFeeds,dbo,obf_HighGear_Ads,0,0.000000,0.000000
OutboundFeeds,dbo,obf_HighGear_Dealers,0,0.000000,0.000000
OutboundFeeds,dbo,obf_Indeed_Ads,0,0.000000,0.000000
OutboundFeeds,dbo,obf_LemonFree_Ads,0,0.000000,0.000000
OutboundFeeds,dbo,obf_LemonFree_Dealers,0,0.000000,0.000000
OutboundFeeds,dbo,obf_LendingTree_Ads,0,0.000000,0.000000
OutboundFeeds,dbo,obf_LendingTree_Dealers,0,0.000000,0.000000
OutboundFeeds,dbo,obf_MerchantCircle_Ads,0,0.000000,0.000000
OutboundFeeds,dbo,obf_MerchantCircle_Dealers,0,0.000000,0.000000
OutboundFeeds,dbo,obf_OodleFree_Ads,0,0.000000,0.000000
OutboundFeeds,dbo,obf_OodlePaid_Ads,0,0.000000,0.000000
OutboundFeeds,dbo,obf_PennySaver_Ads,0,0.000000,0.000000
OutboundFeeds,dbo,obf_RE_AutaBuy_Ads,0,0.000000,0.000000
OutboundFeeds,dbo,obf_RE_AutaBuy_Dealers,0,0.000000,0.000000
OutboundFeeds,dbo,obf_RE_AutoByTel_Ads,0,0.000000,0.000000
OutboundFeeds,dbo,obf_RE_AutoByTel_Dealers,0,0.000000,0.000000
OutboundFeeds,dbo,obf_RE_Autolist_Ads,0,0.000000,0.000000
OutboundFeeds,dbo,obf_RE_AutoList_Dealers,0,0.000000,0.000000
OutboundFeeds,dbo,obf_RE_AutomotiveCom_Ads,0,0.000000,0.000000
OutboundFeeds,dbo,obf_RE_AutomotiveCom_Dealers,0,0.000000,0.000000
OutboundFeeds,dbo,obf_RE_CampUSave_Temp,0,0.000000,0.000000
OutboundFeeds,dbo,obf_RE_CharterDealers_Ads,0,0.000000,0.000000
OutboundFeeds,dbo,obf_RE_Claz_Ads,0,0.000000,0.000000
OutboundFeeds,dbo,obf_RE_craigslistDT_Ads,0,0.000000,0.000000
OutboundFeeds,dbo,obf_RE_craigslistDT_Dealers,0,0.000000,0.000000
OutboundFeeds,dbo,obf_RE_DealerCMO_Ads,0,0.000000,0.000000
OutboundFeeds,dbo,obf_RE_DealerCMO_Dealers,0,0.000000,0.000000
OutboundFeeds,dbo,obf_RE_EveryAuto_Ads,0,0.000000,0.000000
OutboundFeeds,dbo,obf_RE_EveryAuto_Dealers,0,0.000000,0.000000
OutboundFeeds,dbo,obf_RE_GetAuto_Ads,0,0.000000,0.000000
OutboundFeeds,dbo,obf_RE_GetAuto_Dealers,0,0.000000,0.000000
OutboundFeeds,dbo,obf_RE_GumiyoV,0,0.000000,0.000000
OutboundFeeds,dbo,obf_RE_iseecars_Ads,0,0.000000,0.000000
OutboundFeeds,dbo,obf_RE_LemonFree_Ads,0,0.000000,0.000000
OutboundFeeds,dbo,obf_RE_LemonFree_Dealers,0,0.000000,0.000000
OutboundFeeds,dbo,obf_RE_LendingTree_Ads,0,0.000000,0.000000
OutboundFeeds,dbo,obf_RE_LendingTree_Dealers,0,0.000000,0.000000
OutboundFeeds,dbo,obf_RE_MerchantCircle_Ads,0,0.000000,0.000000
OutboundFeeds,dbo,obf_RE_MerchantCircle_Dealers,0,0.000000,0.000000
OutboundFeeds,dbo,obf_RE_Oodle_Paid_Ads,0,0.000000,0.000000
OutboundFeeds,dbo,obf_RE_OodleFree_Ads,0,0.000000,0.000000
OutboundFeeds,dbo,obf_RE_Vast_Paid_Ads,0,0.000000,0.000000
OutboundFeeds,dbo,obf_RE_Vast_Paid_Dealers,0,0.000000,0.000000
OutboundFeeds,dbo,obf_RE_Web2Carz_Paid_Ads,0,0.000000,0.000000
OutboundFeeds,dbo,obf_SimplyHiredAds,0,0.000000,0.000000
OutboundFeeds,dbo,obf_TEN_Ads,0,0.000000,0.000000
OutboundFeeds,dbo,obf_TEN_Dealers,0,0.000000,0.000000
OutboundFeeds,dbo,obf_Vast_Free_Ads,0,0.000000,0.000000
OutboundFeeds,dbo,obf_WantAdDigest_Ads,0,0.000000,0.000000
OutboundFeeds,dbo,TMPWorldwideJobs,0,0.000000,0.000000
PetFinder,dbo,SilverpopAccountStatus,107872,13.507812,13.507812
PetFinder,dbo,ZipCodeRequestCount,90224,3.757812,3.734375
PetFinder,dbo,ZipCode,42890,2.695312,2.656250
PetFinder,dbo,PetFinderPets,15734,18.578125,18.515625
PetFinder,dbo,BKUPLog,10547,0.320312,0.281250
PetFinder,dbo,URLEncodeNumbers,8000,0.132812,0.132812
PetFinder,dbo,SilverpopMailQueueStatus,6043,0.632812,0.585937
PetFinder,dbo,BKUPHistory,2388,0.132812,0.132812
PetFinder,dbo,PetFinderShelters,883,0.132812,0.117187
PetFinder,dbo,PetFinderCalls,408,0.039062,0.039062
PetFinder,dbo,CoreLog,397,0.140625,0.125000
PetFinder,dbo,URLResponseLog,128,0.218750,0.109375
PetFinder,dbo,GetJobURLResponse,108,0.070312,0.031250
PetFinder,dbo,AllScheduledJobsOnServer,87,0.070312,0.046875
PetFinder,dbo,DBINFO,54,0.015625,0.015625
PetFinder,dbo,SilverpopUpdateStatus,26,0.070312,0.015625
PetFinder,dbo,BKUPSteps,13,0.015625,0.015625
PetFinder,dbo,BKUPSettings,1,0.015625,0.015625
PetFinder,dbo,CerritosResponse,1,0.164062,0.164062
PetFinder,dbo,ibf_EpicMotorSports_Data,1,0.328125,0.265625
PetFinder,dbo,sysdiagrams,1,0.039062,0.039062
PetFinder,dbo,_SilverPop_temp,0,0.000000,0.000000
PetFinder,dbo,IntMaxes,0,0.000000,0.000000
PetFinder,dbo,URLResponse,0,1.296875,1.296875
Prime,dbo,grail_srpactions_daily,98884098,4801.828125,4709.531250
Prime,dbo,DisplayGEO,32038337,7753.078125,7678.976562
Prime,dbo,PlatformAuto_Stats,31776870,3518.109375,3517.281250
Prime,dbo,VDPSERPPerformance,19790345,1239.570312,1239.515625
Prime,dbo,GVAVDPDatav2,15869227,2847.250000,2821.750000
Prime,dbo,GclIdTracking,7186030,7681.695312,7210.023437
Prime,dbo,GAAnalyticsData,6388117,2340.601562,2093.593750
Prime,dbo,GVAVDPData,5994636,1657.500000,1656.609375
Prime,dbo,ImageProxy_By_Date_Listing,4120490,122.695312,116.812500
Prime,dbo,Display,3918108,832.828125,807.132812
Prime,dbo,VehicleSnapshot,3788194,697.007812,696.726562
Prime,dbo,VINtoURLMapping,3309379,899.070312,898.015625
Prime,dbo,___LegacyInventoryHistory,1661808,198.445312,198.437500
Prime,dbo,VDPPerformance,1060563,174.390625,172.312500
Prime,dbo,LocalSearchActionTotal,1015627,121.671875,119.343750
Prime,dbo,VideoAdCampaignGeoData,967843,310.476562,272.929687
Prime,dbo,SegmentedCampaignPerformance,769085,148.179687,147.648437
Prime,dbo,PlatformAuto_Campaigns,552352,79.546875,74.960937
Prime,dbo,VideoAdCampaignInventoryData,420016,138.468750,119.375000
Prime,dbo,YextLocation,342341,1434.468750,1433.859375
Prime,dbo,YextCustomer,327223,73.367187,73.148437
Prime,dbo,TikTokCampaignDataset,303118,14.140625,13.664062
Prime,dbo,VideoAdCampaignTechnologyData,302791,91.039062,71.695312
Prime,dbo,ImageProxy_By_Date_Account,208471,7.226562,5.421875
Prime,dbo,GVACampaignDataset,144355,22.312500,21.375000
Prime,dbo,DTCL_Calls,121945,20.789062,19.984375
Prime,dbo,YextSubscription,120216,185.320312,185.281250
Prime,dbo,GoogleAdsMapping,120070,10.195312,10.164062
Prime,dbo,grail_srpactions_daily_Mar2026,102674,4.195312,3.742187
Prime,dbo,adword_api_location_criteria_20160329,86460,7.695312,7.679687
Prime,dbo,PlatformAuto_Stats_VKLeeSave,85379,9.507812,9.382812
Prime,dbo,MetaCampaignInfo,57280,15.421875,14.765625
Prime,dbo,PlatformAuto_Stats_temp,35845,3.960937,3.914062
Prime,dbo,VDPPerformanceBackupTim,34679,5.507812,5.492187
Prime,dbo,___Legacy_Pipe,21029,1.500000,1.398437
Prime,dbo,FB_PL_Cost,20894,2.007812,1.968750
Prime,dbo,LocationFulfillmentEventLog,15473,1.273437,1.234375
Prime,dbo,ImportLog,10639,4.492187,3.312500
Prime,dbo,BKUPLog,10201,0.351562,0.304687
Prime,dbo,ClientFulfillmentEventLog,9690,0.828125,0.773437
Prime,dbo,YextTmpiCategoryMapping,9368,1.265625,1.226562
Prime,dbo,MappingLocation,6203,1.664062,1.195312
Prime,dbo,Job_Completion_Display_Alert_Log,5953,1.062500,0.781250
Prime,dbo,VideoAdCampaignReportData,5717,14.968750,2.640625
Prime,dbo,DisplayAdWordsOverwrite,5512,0.867187,0.609375
Prime,dbo,vdptempEA,4759,0.320312,0.273437
Prime,dbo,CityGridPlaces,4279,0.671875,0.445312
Prime,dbo,PlatformAuto_GetFlight_info,4220,2.695312,2.640625
Prime,dbo,obr_NetworkPerformance_V7_GH_REMARKETING,4133,0.570312,0.421875
Prime,dbo,DisplayMasterOverwrite,3520,0.406250,0.289062
Prime,dbo,PlatformAuto_FlightCampaigns,3001,0.320312,0.265625
Prime,dbo,Display_Delete,2370,0.445312,0.062500
Prime,dbo,TikTokWebsiteMetrics,2175,0.718750,0.585937
Prime,dbo,YextBusinessCategories,2115,0.390625,0.382812
Prime,dbo,CustomerSavedActions,2039,0.375000,0.250000
Prime,dbo,FacebookAdAccounts,1775,0.335937,0.289062
Prime,dbo,BKUPHistory,1657,0.132812,0.093750
Prime,dbo,PlatformAuto_Dealers,1564,0.398437,0.265625
Prime,dbo,PlatformAuto_Dealers_ExtraInfo,1560,0.921875,0.656250
Prime,dbo,CampaignMetadata,1555,0.726562,0.515625
Prime,dbo,PlatformAuto_get_dealers,1277,0.570312,0.531250
Prime,dbo,MappingClient,1271,0.218750,0.148437
Prime,dbo,VDPPerformanceBackupv2,954,0.203125,0.187500
Prime,dbo,MAIAMarketplaceData,923,0.140625,0.101562
Prime,dbo,AllScheduledJobsOnServer,914,0.617187,0.375000
Prime,dbo,Provider_Entity_Mapping,857,0.195312,0.179687
Prime,dbo,Campaign_Performance_Check,842,0.070312,0.046875
Prime,dbo,MappingInventoryList,825,0.101562,0.062500
Prime,dbo,Impersonate,733,0.078125,0.046875
Prime,dbo,VDPHillside,716,0.140625,0.117187
Prime,dbo,grail_tim_bk,673,0.132812,0.039062
Prime,dbo,PlatformAuto_GetActiveCampaignFlight_info,660,0.132812,0.101562
Prime,dbo,grail_leesburg_fix,524,0.070312,0.031250
Prime,dbo,PlatformAuto_Campaign_Flights,487,0.132812,0.062500
Prime,dbo,display_0imlid,481,0.070312,0.054687
Prime,dbo,VDPPerformanceBackupv3,476,0.132812,0.085937
Prime,dbo,CGActive,449,0.085937,0.046875
Prime,dbo,GAProperties,445,0.195312,0.156250
Prime,dbo,GVACampaignMapping,327,1.070312,0.140625
Prime,dbo,GVASetup,317,0.140625,0.070312
Prime,dbo,PlatformAuto_MoveDealerId_Changes,269,0.070312,0.046875
Prime,dbo,DisplayHardcodedOverwrite,235,0.070312,0.054687
Prime,dbo,VideoAdPlatformTokens,223,0.914062,0.656250
Prime,dbo,Flight_AltId_Mapping,216,0.148437,0.062500
Prime,dbo,CampaignMetadata_Staging,191,0.070312,0.031250
Prime,dbo,CampaignRename,146,0.031250,0.031250
Prime,dbo,VDPPerformanceBackup,128,0.132812,0.039062
Prime,dbo,PerformanceCheckMissing,92,0.078125,0.031250
Prime,dbo,DTCL_Calls_Temp,91,0.078125,0.031250
Prime,dbo,PlatformAgeMapping,89,0.070312,0.015625
Prime,dbo,PendingFulfillments,84,0.273437,0.250000
Prime,dbo,MAIAMarketplaceMapping,80,0.070312,0.015625
Prime,dbo,JoseVGuys,74,0.023437,0.023437
Prime,dbo,VDPDanburyBackup,68,0.132812,0.023437
Prime,dbo,ReportGenerator,51,0.281250,0.148437
Prime,dbo,MenuFeatureFlag,49,0.070312,0.031250
Prime,dbo,PerformanceActionsForServices,47,0.015625,0.015625
Prime,dbo,PlatformCampaignMapping,41,0.070312,0.023437
Prime,dbo,PerformanceActions,39,0.015625,0.015625
Prime,dbo,DBINFO,36,0.015625,0.015625
Prime,dbo,DataSource,33,0.015625,0.015625
Prime,dbo,LocalSearchActionNormalize,26,0.015625,0.015625
Prime,dbo,AmazonOTTData,24,0.070312,0.015625
Prime,dbo,PlatformGenderMapping,24,0.070312,0.015625
Prime,dbo,BKUPSteps,13,0.015625,0.015625
Prime,dbo,Partner,13,0.015625,0.015625
Prime,dbo,FulfillmentState,9,0.015625,0.015625
Prime,dbo,Platforms,8,0.070312,0.015625
Prime,dbo,DataSourceType,7,0.015625,0.015625
Prime,dbo,Job_Completion_Display_Alert_LogTypes,7,0.070312,0.015625
Prime,dbo,PerformanceGroups,7,0.015625,0.015625
Prime,dbo,AgeGroups,5,0.070312,0.015625
Prime,dbo,DataSourceAuthenticationType,4,0.015625,0.015625
Prime,dbo,GenderGroups,3,0.070312,0.015625
Prime,dbo,ImportStatus,3,0.015625,0.015625
Prime,dbo,BKUPSettings,1,0.015625,0.015625
Prime,dbo,obr_Dates_v6,1,0.070312,0.015625
Prime,dbo,PerformanceReportingMaximumDate,1,0.015625,0.015625
Prime,dbo,sysdiagrams,1,0.039062,0.039062
Prime,dbo,AdWords_LocationCriterion,0,0.000000,0.000000
Prime,dbo,AppNexusData,0,0.015625,0.015625
Prime,dbo,attrep_truncation_safeguard,0,0.000000,0.000000
Prime,dbo,CampaignGAPropertyMapping,0,0.000000,0.000000
Prime,dbo,CampaignGoalOverride,0,0.000000,0.000000
Prime,dbo,CoreLog,0,0.000000,0.000000
Prime,dbo,DFATemp,0,0.000000,0.000000
Prime,dbo,DisplayImage,0,0.000000,0.000000
Prime,dbo,GoogleAdsCampaigns,0,0.000000,0.000000
Prime,dbo,ImageProxyRequestAggregated,0,0.000000,0.000000
Prime,dbo,ImageProxyRequestAggregated_Staging,0,0.000000,0.000000
Prime,dbo,IntMaxes,0,0.000000,0.000000
Prime,dbo,LogFile,0,0.000000,0.000000
Prime,dbo,MAIAVdpData,0,0.000000,0.000000
Prime,dbo,obr_LocalPerformance,0,0.000000,0.000000
Prime,dbo,PlatformAuto_get_stats_by_dealer,0,0.000000,0.000000
Prime,dbo,SegmentedCampaignPerformance_Staging,0,0.000000,0.000000
Prime,dbo,SQLInjectionCheck,0,0.000000,0.000000
Prime,dbo,vdptemp,0,0.000000,0.000000
Prime,dbo,VDPVINPerformance,0,0.000000,0.000000
Prime,dbo,YextReportDownloader,0,0.085937,0.031250
Prime,dbo,YextReview,0,0.000000,0.000000
RedDawn,dbo,ListingImageDownload_Queue_History,147097980,16758.617187,16754.914062
RedDawn,dbo,Crawler_Unique_AdNum,41787646,2772.210937,2771.484375
RedDawn,dbo,SmartVDPClicks,23311052,8316.398437,8314.851562
RedDawn,dbo,FBCampaignDatav2,9276171,3274.210937,3273.671875
RedDawn,dbo,crawler_count_log,7103052,663.273437,662.562500
RedDawn,dbo,Crawler_Cleanup_Log,5565341,179.585937,175.429687
RedDawn,dbo,Crawler_Stats,3435822,282.523437,282.171875
RedDawn,dbo,Crawler_MetaData,2850702,219.359375,213.515625
RedDawn,dbo,ListingImageDownload,2745022,807.085937,793.257812
RedDawn,dbo,Crawler_Logs,2275364,188.898437,183.007812
RedDawn,dbo,Crawler_Results,1361054,52771.109375,52223.671875
RedDawn,dbo,Crawler_Totals,264225,18.085937,17.234375
RedDawn,dbo,MonthlyPriceImageProcessing,178433,81.585937,80.648437
RedDawn,dbo,Crawler_Error_Logs,126099,35.445312,33.039062
RedDawn,dbo,SmartVDPListings,60557,97.695312,97.656250
RedDawn,dbo,FBCampaignData,32602,8.742187,8.718750
RedDawn,dbo,Crawler_Revisions,29119,693.031250,691.296875
RedDawn,dbo,Crawler_ImportLog,22183,41.273437,18.500000
RedDawn,dbo,TikTokFeedListings,12621,25.445312,25.414062
RedDawn,dbo,FBImport,10455,0.750000,0.726562
RedDawn,dbo,SubscriptionMetaData,10371,0.453125,0.296875
RedDawn,dbo,BKUPLog,9867,0.320312,0.265625
RedDawn,dbo,InventoryTotals,7056,0.648437,0.515625
RedDawn,dbo,Crawler_Classification,6054,0.625000,0.453125
RedDawn,dbo,srp_daily_processing,5944,0.445312,0.398437
RedDawn,dbo,Crawler_Stores,5376,0.554687,0.500000
RedDawn,dbo,Crawler_Jobs,5248,2.828125,2.312500
RedDawn,dbo,Crawler_Templates_Logs,5131,2.828125,2.109375
RedDawn,dbo,GraftChevyVDP,1718,0.382812,0.335937
RedDawn,dbo,Crawler_Jobs_Group,1422,0.132812,0.093750
RedDawn,dbo,BKUPHistory,1355,0.132812,0.078125
RedDawn,dbo,VDPDashDailyStats,904,1.132812,0.882812
RedDawn,dbo,SmartVDPAccounts,791,0.406250,0.250000
RedDawn,dbo,ListingImageDownload_Queue,700,1.250000,0.445312
RedDawn,dbo,crosslinked,507,0.945312,0.187500
RedDawn,dbo,GraftChevyListings,399,0.148437,0.109375
RedDawn,dbo,Tickets,340,0.070312,0.062500
RedDawn,dbo,LongImageURLs,298,0.070312,0.046875
RedDawn,dbo,VDPAccount_Temp,271,0.070312,0.062500
RedDawn,dbo,Crawler_Templates,270,0.218750,0.132812
RedDawn,dbo,domains_with_dupes,228,0.070312,0.046875
RedDawn,dbo,SmartVDPOptions,224,0.070312,0.031250
RedDawn,dbo,TimLog,217,0.070312,0.039062
RedDawn,dbo,VDPDashCostByCampaigns,146,0.148437,0.101562
RedDawn,dbo,VDPDashPacingCampaign,146,0.218750,0.117187
RedDawn,dbo,SmartPLDListings,140,0.320312,0.281250
RedDawn,dbo,NoPriceOnSite,83,0.140625,0.062500
RedDawn,dbo,FoxFactoryAgedRAM,79,0.070312,0.054687
RedDawn,dbo,DBINFO,48,0.015625,0.015625
RedDawn,dbo,MonthlyPriceImageProcessingLogs,29,0.070312,0.015625
RedDawn,dbo,SmartVDPBotAgents,23,0.070312,0.015625
RedDawn,dbo,BKUPSteps,13,0.015625,0.015625
RedDawn,dbo,FacebookPageMapping,13,0.234375,0.125000
RedDawn,dbo,Crawler_Proxy_Types,8,0.070312,0.015625
RedDawn,dbo,ImageDownloadStatus,5,0.015625,0.015625
RedDawn,dbo,VehicleFilterLocation,4,0.070312,0.015625
RedDawn,dbo,ListingVideoDownload,3,0.070312,0.015625
RedDawn,dbo,CoreLog,2,0.070312,0.015625
RedDawn,dbo,Crawler_Settings,2,0.070312,0.015625
RedDawn,dbo,BKUPSettings,1,0.015625,0.015625
RedDawn,dbo,Crawler_Container_Issues,0,0.000000,0.000000
RedDawn,dbo,Crawler_Results_MissingPercent,0,0.000000,0.000000
RedDawn,dbo,Crawler_Results_RealEstate,0,0.000000,0.000000
RedDawn,dbo,ImageStatus,0,0.000000,0.000000
RedDawn,dbo,IntMaxes,0,0.000000,0.000000
RedDawn,dbo,ListingVideoOutput,0,0.000000,0.000000
RedDawn,dbo,LogFile,0,0.000000,0.000000
RedDawn,dbo,VDPDailyTotals,0,0.000000,0.000000
RedDawn,dbo,VDPDashMonthlyTotals,0,0.148437,0.093750
RedDawn,dbo,VDPListings_Temp,0,0.000000,0.000000
Trax,dbo,AdCapture_MonthlyTotal,108454568,4082.281250,4082.195312
Trax,dbo,acc_id_lst_ID,35165587,764.328125,721.187500
Trax,dbo,AdCapture_Bot,17168577,968.453125,968.398437
Trax,dbo,MagnetoFeedInfo,2167742,390.593750,390.500000
Trax,dbo,DealerCapture,893103,24.093750,24.078125
Trax,dbo,DealerCapture_DailyTotal,122281,4.726562,4.445312
Trax,dbo,DealerCapture_MonthlyTotal,63046,2.710937,2.304687
Trax,dbo,SmartAd_Performance,22352,5.070312,5.039062
Trax,dbo,BKUPLog,10214,0.343750,0.296875
Trax,dbo,DealerOptions,5927,0.390625,0.359375
Trax,dbo,BKUPHistory,2968,0.210937,0.171875
Trax,dbo,addmulticapture,2209,0.328125,0.328125
Trax,dbo,AllScheduledJobsOnServer,887,0.320312,0.312500
Trax,dbo,DBINFO,48,0.015625,0.015625
Trax,dbo,LogFile,35,0.015625,0.015625
Trax,dbo,SQLInjectionCheck,32,0.015625,0.015625
Trax,dbo,Actions,24,0.015625,0.015625
Trax,dbo,BKUPSteps,13,0.015625,0.015625
Trax,dbo,BKUPSettings,1,0.015625,0.015625
Trax,dbo,imageproxy_blanks,1,0.070312,0.015625
Trax,dbo,sysdiagrams,1,0.039062,0.039062
Trax,dbo,TrafficFilterIP,1,0.070312,0.015625
Trax,dbo,TrafficFilterKeyword,1,0.070312,0.015625
Trax,dbo,__FeedInfoJoined,0,0.000000,0.000000
Trax,dbo,AdCapture_DailyTotal,0,0.000000,0.000000
Trax,dbo,AdTotal,0,0.000000,0.000000
Trax,dbo,CoreLog,0,0.000000,0.000000
Trax,dbo,DealerTotal,0,0.000000,0.000000
Trax,dbo,dsrestore,0,0.000000,0.000000
Trax,dbo,IntMaxes,0,0.000000,0.000000
Trax,dbo,InvalidCapture,0,0.000000,0.000000
Trax,dbo,myreturn,0,0.000000,0.000000
Trax,dbo,ProcessLog,0,0.000000,0.000000
Trax,dbo,Report,0,0.000000,0.000000
Trax,dbo,ReportUser,0,0.000000,0.000000
Trax,dbo,User,0,0.000000,0.000000
WEB,dbo,FEEDEXTRAS,12149385,8536.367187,7986.265625
WEB,dbo,FEEDADS,8032284,47274.406250,46211.375000
WEB,dbo,VDPtoVIN,4794462,1388.289062,1381.765625
WEB,dbo,ExistingListings,2576096,32.390625,32.375000
WEB,dbo,ADIMAGES,2536734,644.726562,503.781250
WEB,dbo,ShortURL,1291012,610.351562,496.406250
WEB,dbo,BANNERTOTAL,910426,31.671875,31.609375
WEB,dbo,AlexFridayReport,579129,73.554687,70.210937
WEB,dbo,new_EmailSources_Count_ByMonth,547874,30.843750,28.828125
WEB,dbo,New_EmailSources_Count_ByMonth_v2,513874,21.531250,20.039062
WEB,dbo,DEALERS,475578,50.679687,46.968750
WEB,dbo,NormalizedFAVDP,417936,49.890625,49.750000
WEB,dbo,dx_ListingCount_Log,388388,16.179687,12.093750
WEB,dbo,SUBIMAGES,334168,32.632812,32.625000
WEB,dbo,VAutoDatatemp,312695,2591.914062,2591.718750
WEB,dbo,VAutoDataTim,282776,3068.718750,3057.750000
WEB,dbo,BANNERLOG,178615,8.609375,8.554687
WEB,dbo,ADDETAIL,106895,356.796875,246.171875
WEB,dbo,ADS,106890,75.851562,34.515625
WEB,dbo,dx_HashLog,106380,23.484375,10.812500
WEB,dbo,HomeNetData,99564,1013.437500,981.351562
WEB,dbo,feeddealers_transition,86129,10.070312,9.937500
WEB,dbo,RatchetFeedTracker,85344,50.664062,41.312500
WEB,dbo,Inventory_Counts_crawler,85221,4.875000,4.617187
WEB,dbo,feedmanagerlog,78595,10.828125,8.078125
WEB,dbo,FEEDDESTINATION,67934,10.953125,8.179687
WEB,dbo,DTCL_Calls,59782,11.453125,11.429687
WEB,dbo,Ratchet_FeedSubmitted_Log,58420,18.187500,13.539062
WEB,dbo,AutoConXKey,44800,4.437500,3.320312
WEB,dbo,New_ZipCode,43198,3.843750,3.710937
WEB,dbo,zipcodes,42974,2.445312,2.390625
WEB,dbo,FeedAdsBCP,34478,0.445312,0.445312
WEB,dbo,AdvNotifyTable,31483,1.273437,1.265625
WEB,dbo,LotVantage_Ads,30693,80.078125,79.859375
WEB,dbo,dslinksnew,29990,45.773437,45.015625
WEB,dbo,BannerCategory,29207,0.695312,0.679687
WEB,dbo,dsvehiclesnew,23596,325.953125,313.460937
WEB,dbo,New_AccountSecurity,23395,3.140625,2.335937
WEB,dbo,dealercom_ads,23325,171.890625,164.335937
WEB,dbo,FirstLookData,23124,329.671875,313.453125
WEB,dbo,FEEDDEALERS,22800,9.273437,6.929687
WEB,dbo,FEEDLOGS,20964,1.859375,1.320312
WEB,dbo,DealersByMake,18774,0.640625,0.593750
WEB,dbo,WasUsed_Change,18456,1.164062,0.875000
WEB,dbo,FeedManager,18349,3.554687,2.617187
WEB,dbo,VinSolutionsData,17156,201.015625,183.203125
WEB,dbo,FeedMultipleVIN,16169,1.492187,1.054687
WEB,dbo,DealerSpikePhotos,15817,2.257812,2.234375
WEB,dbo,x__DEALERSUBMIT,15751,10.328125,10.289062
WEB,dbo,InterUsers,15196,1.929687,1.390625
WEB,dbo,AlexTurboChange,14556,0.648437,0.593750
WEB,dbo,DX1Photos,14196,3.132812,3.117187
WEB,dbo,_MonthlyInternet,13807,3.203125,3.171875
WEB,dbo,feedads_transition,12900,4.773437,4.414062
WEB,dbo,RatchetDestinations,12853,0.390625,0.367187
WEB,dbo,AutoConXKey2,12808,0.953125,0.945312
WEB,dbo,New_ADAccounts,11910,2.929687,2.148437
WEB,dbo,Blacklisted,11534,2.117187,0.867187
WEB,dbo,Translate,11261,1.804687,0.945312
WEB,dbo,RatchetFormActive,10944,1.445312,1.031250
WEB,dbo,BKUPLog,10318,0.335937,0.289062
WEB,dbo,dx_listings_list2,10000,0.203125,0.195312
WEB,dbo,AutoBaseDataNew,9760,43.640625,43.015625
WEB,dbo,DealerCenterAds,9568,56.640625,55.937500
WEB,dbo,FEEDTRANSLATE,9152,0.585937,0.429687
WEB,dbo,New_NewPrintTranslate,9058,0.640625,0.609375
WEB,dbo,DealersLinkAds,8870,98.703125,84.562500
WEB,dbo,SpectrumRollup,8315,1.710937,1.656250
WEB,dbo,FEEDUPDATE,8122,2.835937,2.109375
WEB,dbo,ManualImport,7711,0.453125,0.398437
WEB,dbo,WEBADS,7662,4.835937,2.578125
WEB,dbo,ECarList_Temp,7565,66.953125,66.734375
WEB,dbo,FormPublications,7522,0.203125,0.195312
WEB,dbo,ECarlistData,7499,44.460937,35.804687
WEB,dbo,InventoryCC_Ads,6898,70.492187,69.242187
WEB,dbo,vw_StevenRatchetTrackerReport_All,6288,3.726562,2.742187
WEB,dbo,dsrestore,6287,0.203125,0.148437
WEB,dbo,CarsForSaleAds,6157,62.960937,58.375000
WEB,dbo,RatchetUserFix,6141,0.695312,0.671875
WEB,dbo,ONECLICK,5451,0.203125,0.156250
WEB,dbo,AutoConXAutomation,5422,2.765625,2.726562
WEB,dbo,WebFeatures,5368,0.679687,0.281250
WEB,dbo,FeedCategoryTranslations,5179,0.390625,0.351562
WEB,dbo,PACKAGEEXCLUDE,5039,0.148437,0.125000
WEB,dbo,DealerVaultData,4982,36.515625,36.460937
WEB,dbo,CobaltData,4976,11.210937,10.820312
WEB,dbo,CarGurusCalls2,4958,0.765625,0.718750
WEB,dbo,FinanceExpressData,4827,8.640625,8.585937
WEB,dbo,eBiz2Endeavor,4751,0.515625,0.492187
WEB,dbo,BestRideAds,4631,27.781250,27.609375
WEB,dbo,RatchetUpsells,4486,0.203125,0.148437
WEB,dbo,CarGigiAds,4475,35.843750,35.703125
WEB,dbo,netlookads,4000,32.703125,32.296875
WEB,dbo,Inventory_counts,3832,0.484375,0.320312
WEB,dbo,AutoUplinkUSAData,3786,9.890625,9.812500
WEB,dbo,DealixVast,3755,0.328125,0.273437
WEB,dbo,FormDealerLocation,3649,0.148437,0.117187
WEB,dbo,BANKEYWORD,3444,0.195312,0.171875
WEB,dbo,BUSSCHEDULEHISTORY,3413,0.375000,0.257812
WEB,dbo,DCSData,3346,40.953125,36.382812
WEB,dbo,DEALERSUBMIT2,3335,1.570312,1.562500
WEB,dbo,psnspecifications,3163,0.203125,0.195312
WEB,dbo,ShortUrlSanhillBU,3123,1.265625,1.187500
WEB,dbo,Bad_MSRP,3074,0.921875,0.625000
WEB,dbo,DealerSubmitWithReturns,3069,0.078125,0.054687
WEB,dbo,PSNPhotos,2834,0.890625,0.851562
WEB,dbo,feedadaddress,2774,0.273437,0.156250
WEB,dbo,InventoryCCData,2742,30.335937,30.195312
WEB,dbo,MODELS,2699,0.148437,0.125000
WEB,dbo,RatchetDeactivations,2652,0.234375,0.187500
WEB,dbo,ELMAH_Error,2642,59.187500,52.718750
WEB,dbo,NexsteppeAds,2546,2.984375,2.976562
WEB,dbo,AutoSweetAds,2461,29.335937,28.906250
WEB,dbo,KrytenPhotos,2449,0.257812,0.226562
WEB,dbo,DealerSyncAds,2443,24.578125,21.656250
WEB,dbo,WEBDEALERS,2430,0.625000,0.304687
WEB,dbo,BKUPHistory,2285,0.148437,0.140625
WEB,dbo,MilitaryAutoSourceData,2240,2.882812,2.828125
WEB,dbo,DealerFusionAds,2177,7.015625,6.992187
WEB,dbo,AutoRevData,2078,12.078125,11.914062
WEB,dbo,BANNERS,2062,0.523437,0.468750
WEB,dbo,FrazerData,1994,4.078125,3.968750
WEB,dbo,LiquidMotorData,1986,7.132812,7.101562
WEB,dbo,acxAds,1920,6.695312,6.695312
WEB,dbo,acxAds_Import_wURL,1920,8.632812,8.609375
WEB,dbo,SUBCLASS,1903,0.140625,0.125000
WEB,dbo,WCD_Web,1833,0.703125,0.476562
WEB,dbo,LeadQueue,1788,0.515625,0.468750
WEB,dbo,AccountClassification,1742,0.187500,0.140625
WEB,dbo,lookupCities,1733,0.140625,0.109375
WEB,dbo,VAutoData,1678,85.523437,70.867187
WEB,dbo,TableChangeLog,1571,3.398437,3.125000
WEB,dbo,DealerSpikeAds,1528,2.828125,2.734375
WEB,dbo,v12softwareData,1525,5.765625,5.617187
WEB,dbo,NexteppeAds,1462,6.828125,6.703125
WEB,dbo,Auction123_Ads,1373,4.195312,4.195312
WEB,dbo,DealerDirectory,1370,0.203125,0.203125
WEB,dbo,ratchetfeedtracker_bu,1335,0.640625,0.601562
WEB,dbo,DlrComData,1321,5.210937,4.335937
WEB,dbo,dealer123,1285,1.007812,0.992187
WEB,dbo,DealerTrendData,1228,9.781250,9.617187
WEB,dbo,PromaxAds,1189,5.015625,4.984375
WEB,dbo,FusionZoneAds,1106,30.039062,28.867187
WEB,dbo,CarSpot,1068,1.828125,1.781250
WEB,dbo,DX1Ads,1060,3.765625,3.578125
WEB,dbo,EndMap,1060,0.085937,0.062500
WEB,dbo,FeedDestination_AggChange_Log,1033,0.156250,0.062500
WEB,dbo,DealerOnAds,1012,14.718750,12.609375
WEB,dbo,RatchetFeedMigration,979,0.046875,0.046875
WEB,dbo,CarWeekData,977,5.140625,5.031250
WEB,dbo,AreGood,972,0.078125,0.062500
WEB,dbo,DealerLoginExpiration,947,0.140625,0.085937
WEB,dbo,ad_deleted,945,0.078125,0.039062
WEB,dbo,DealerLogin_MailLog,940,0.070312,0.070312
WEB,dbo,AMData,938,5.070312,5.070312
WEB,dbo,MODELSNEW,936,0.046875,0.046875
WEB,dbo,FeedCheck,881,0.203125,0.148437
WEB,dbo,AllScheduledJobsOnServer,878,0.328125,0.320312
WEB,dbo,AutoExactData,874,6.070312,6.062500
WEB,dbo,NavigatorExcludeRan,858,0.070312,0.031250
WEB,dbo,EDITIONS,852,0.210937,0.140625
WEB,dbo,PUBEDITIONS,851,0.031250,0.031250
WEB,dbo,InvMasterData,836,6.710937,6.484375
WEB,dbo,Room58Photos,836,0.132812,0.101562
WEB,dbo,DlrIDRep,829,0.078125,0.031250
WEB,dbo,MissingAdvantageImages,821,0.140625,0.140625
WEB,dbo,zzz___pubmakes,799,0.109375,0.078125
WEB,dbo,ClassicCarsData,781,0.328125,0.281250
WEB,dbo,StaleSitemap,774,0.570312,0.140625
WEB,dbo,accountclassification_20170626,761,0.039062,0.039062
WEB,dbo,InstaFeatures,725,0.070312,0.039062
WEB,dbo,ModifyEndeavor,723,0.078125,0.054687
WEB,dbo,RedlineData,655,7.335937,6.843750
WEB,dbo,AutoManagerData,639,3.070312,3.023437
WEB,dbo,ClassicCarsCustomers,635,0.078125,0.062500
WEB,dbo,DSVIDEO,630,0.140625,0.132812
WEB,dbo,eLeadsAds,607,1.007812,0.953125
WEB,dbo,CDM,605,2.023437,1.976562
WEB,dbo,Tables_Sizes,598,0.070312,0.070312
WEB,dbo,autoexplorerdata,593,1.203125,1.132812
WEB,dbo,webadaddress,592,0.156250,0.062500
WEB,dbo,DealerClickData,589,0.453125,0.398437
WEB,dbo,dsCarParts,578,0.046875,0.046875
WEB,dbo,InstaAds,575,0.460937,0.343750
WEB,dbo,FeedDealersDeactivates,564,0.070312,0.039062
WEB,dbo,AutoBaseData,547,3.703125,3.679687
WEB,dbo,PremiumAutoData,543,2.085937,2.054687
WEB,dbo,BestRideDealers,540,0.132812,0.078125
WEB,dbo,AutoMatrixAds,521,0.882812,0.828125
WEB,dbo,InteractRV_ads,506,9.640625,7.382812
WEB,dbo,WhosCalllingMasterCampaign,503,0.187500,0.132812
WEB,dbo,whoscalllingmastercampaign_clean,503,0.304687,0.132812
WEB,dbo,CLASS,496,0.039062,0.039062
WEB,dbo,_FolderContentKeeper,485,0.265625,0.156250
WEB,dbo,CaptiveLeadAds,477,1.835937,1.820312
WEB,dbo,CarBaseAds,474,3.078125,3.000000
WEB,dbo,_Steven_Deactivates,464,0.140625,0.125000
WEB,dbo,MAKES,448,0.062500,0.062500
WEB,dbo,ToCarsDirect_Ads,441,3.203125,3.062500
WEB,dbo,AutoRevoData,439,5.203125,3.312500
WEB,dbo,fsnAds,428,2.398437,2.382812
WEB,dbo,MultiFeedOverwrite,415,0.171875,0.070312
WEB,dbo,psnimages,413,0.078125,0.070312
WEB,dbo,feeddestinations_removed,408,0.078125,0.046875
WEB,dbo,MemberPublications,403,0.015625,0.015625
WEB,dbo,BUSSTOPS,374,0.429687,0.187500
WEB,dbo,ChromacarsData,373,2.765625,2.757812
WEB,dbo,dslinksnewrev,365,0.328125,0.296875
WEB,dbo,dsvehiclesnewrev,365,1.453125,1.406250
WEB,dbo,HomeNetCustomers,319,0.140625,0.132812
WEB,dbo,EndWithParts,310,0.031250,0.031250
WEB,dbo,EndNoParts,309,0.031250,0.031250
WEB,dbo,FeedAdCount,304,0.492187,0.320312
WEB,dbo,PCPierceAds,291,0.632812,0.593750
WEB,dbo,vw_StevenRatchetTrackerReport,284,1.203125,0.632812
WEB,dbo,vw_StevenRatchetTrackerReport_Acct,284,0.796875,0.390625
WEB,dbo,dx_AccountRep,277,0.070312,0.015625
WEB,dbo,InstaDealers,267,0.070312,0.039062
WEB,dbo,MarineReportForMark,266,0.070312,0.054687
WEB,dbo,DealerEProcessData,265,2.203125,2.039062
WEB,dbo,SCLSORT,261,0.031250,0.031250
WEB,dbo,AutaBuyDealers,255,0.046875,0.046875
WEB,dbo,DealerHostsAds,253,0.757812,0.726562
WEB,dbo,GEOCC,239,0.015625,0.015625
WEB,dbo,DealerActiveAds,238,0.507812,0.460937
WEB,dbo,FraudUsers,234,0.031250,0.031250
WEB,dbo,MEMBERS,232,0.726562,0.687500
WEB,dbo,IOcom_ads,231,0.570312,0.554687
WEB,dbo,MEMROLES,231,0.164062,0.156250
WEB,dbo,BoostLogicAds,230,1.835937,1.812500
WEB,dbo,New_DMA,220,0.031250,0.031250
WEB,dbo,MEMROLES_LOG,215,0.015625,0.015625
WEB,dbo,HealyBrosAds,212,2.734375,2.648437
WEB,dbo,PSNAds,206,1.328125,1.296875
WEB,dbo,AREACODE,204,0.015625,0.015625
WEB,dbo,DestinationRules,204,0.015625,0.015625
WEB,dbo,AutoFundsAds,202,2.078125,1.984375
WEB,dbo,whoscallingcampaignlist_endeavorused,200,0.023437,0.023437
WEB,dbo,dsVehicles,195,0.835937,0.773437
WEB,dbo,AutoNexusfeed,193,0.632812,0.585937
WEB,dbo,LotVantage_Dealers,183,0.070312,0.046875
WEB,dbo,RatchetInsertLog,182,0.187500,0.132812
WEB,dbo,AutoAdManagerAds,181,1.257812,1.226562
WEB,dbo,DealerFireAds,176,1.703125,1.632812
WEB,dbo,CSAds,175,0.328125,0.304687
WEB,dbo,New_SubClass,169,0.039062,0.039062
WEB,dbo,dealercom_customers,165,0.070312,0.046875
WEB,dbo,Aggregator,163,0.015625,0.015625
WEB,dbo,DMAtoZIP,161,0.078125,0.031250
WEB,dbo,OodleSubCategories,160,0.031250,0.031250
WEB,dbo,New_AccountSecurityOptions,159,0.039062,0.039062
WEB,dbo,BANSIZES,158,0.015625,0.015625
WEB,dbo,CarThinkData,157,0.265625,0.234375
WEB,dbo,psnlistings,153,0.078125,0.070312
WEB,dbo,ReyReyData,151,0.078125,0.054687
WEB,dbo,AdvantageCheck,146,0.078125,0.039062
WEB,dbo,Room58Data,145,0.320312,0.320312
WEB,dbo,dealerdnaData,144,1.203125,1.148437
WEB,dbo,SAVED,144,0.046875,0.046875
WEB,dbo,TPDLINFO,144,0.140625,0.125000
WEB,dbo,DealershipIDSAds,142,0.382812,0.335937
WEB,dbo,FridaySystemsAds,141,0.507812,0.468750
WEB,dbo,KrytenAds,140,0.882812,0.828125
WEB,dbo,DigitalMagazine,139,0.031250,0.031250
WEB,dbo,HousingWords,137,0.015625,0.015625
WEB,dbo,Ratchet_Insert_Form_Log,129,0.992187,0.578125
WEB,dbo,DealerInspireAds,128,1.015625,0.953125
WEB,dbo,FeedDealers_NotUsed_20161118,128,0.039062,0.039062
WEB,dbo,SincroData,128,15.585937,14.265625
WEB,dbo,AlexsCallList,126,0.265625,0.265625
WEB,dbo,x__DEALERLOGIN,125,0.078125,0.054687
WEB,dbo,MemRoles_Backup,121,0.023437,0.023437
WEB,dbo,DealerServicesConstructionEquipmentInventory,120,0.757812,0.640625
WEB,dbo,RVOneDatafeed,117,1.078125,0.898437
WEB,dbo,TMPiMoveDaleR_RatchetClient,117,0.031250,0.031250
WEB,dbo,AdRates,116,0.062500,0.062500
WEB,dbo,ECarListDealers,116,0.085937,0.046875
WEB,dbo,LookAtUsedCarsAds,115,0.203125,0.171875
WEB,dbo,New_PrintEditions,112,0.203125,0.203125
WEB,dbo,RatchetDealerGroups,101,0.015625,0.015625
WEB,dbo,TMPiMoveDaleR_RatchetFeedTracker,101,0.078125,0.062500
WEB,dbo,abdataTest,100,0.140625,0.085937
WEB,dbo,BUSSCHEDULE,100,0.195312,0.046875
WEB,dbo,DealerTrackAds,98,1.140625,1.085937
WEB,dbo,dslotdatanew,96,0.132812,0.101562
WEB,dbo,toweb2carz_dealers,95,0.031250,0.031250
WEB,dbo,BadWords,93,0.015625,0.015625
WEB,dbo,LAPD091506739,88,0.078125,0.023437
WEB,dbo,EDesignAds,87,0.203125,0.195312
WEB,dbo,GlobalScopeAds,83,0.140625,0.101562
WEB,dbo,TOP10,80,0.031250,0.031250
WEB,dbo,WebUntanglerAds,80,0.257812,0.210937
WEB,dbo,AdExclude,79,0.015625,0.015625
WEB,dbo,MagnetDigitalAds,77,0.234375,0.226562
WEB,dbo,Members77,77,0.015625,0.015625
WEB,dbo,SincroCustomers,77,0.070312,0.023437
WEB,dbo,Advertisers,76,0.031250,0.031250
WEB,dbo,IpublisherAds,76,0.578125,0.539062
WEB,dbo,AlexClassification,75,0.015625,0.015625
WEB,dbo,AutoNetUSADealers,75,0.078125,0.031250
WEB,dbo,CerritosAds,75,0.203125,0.164062
WEB,dbo,StockNumData,75,0.382812,0.335937
WEB,dbo,AutoNetUSAAds,74,0.078125,0.062500
WEB,dbo,windowstickerdata,74,0.578125,0.578125
WEB,dbo,Palmetto,73,0.132812,0.023437
WEB,dbo,ConnTest2,72,0.023437,0.023437
WEB,dbo,DealerMadeAds,72,0.195312,0.148437
WEB,dbo,Story,72,0.875000,0.796875
WEB,dbo,AutoSearchAds,71,0.531250,0.468750
WEB,dbo,VinControlAds,71,0.203125,0.203125
WEB,dbo,dsxlate,70,0.015625,0.015625
WEB,dbo,ExcludeCrawl,69,0.070312,0.015625
WEB,dbo,TurboVerifyAccount,69,0.015625,0.015625
WEB,dbo,vw_StevenRatchetTrackerReport_LastReactivate,67,0.093750,0.062500
WEB,dbo,GoAuto,65,0.070312,0.070312
WEB,dbo,LOCALDEALERS,65,0.039062,0.039062
WEB,dbo,STATES,64,0.015625,0.015625
WEB,dbo,DealerWebsitesAds,61,0.140625,0.132812
WEB,dbo,AutoXlooAds,60,0.601562,0.601562
WEB,dbo,dsxlatefeedid,60,0.015625,0.015625
WEB,dbo,AutoCornerAds,58,0.257812,0.203125
WEB,dbo,KGISolutionsAds,54,0.132812,0.093750
WEB,dbo,xml,54,0.015625,0.015625
WEB,dbo,DF_ADS,53,0.203125,0.164062
WEB,dbo,Destination,52,0.015625,0.015625
WEB,dbo,Missing_LAT_LONG,52,0.070312,0.015625
WEB,dbo,AutoFusionDealers,51,0.015625,0.015625
WEB,dbo,xlate,50,0.015625,0.015625
WEB,dbo,AdminDomains,44,0.015625,0.015625
WEB,dbo,CROPWORKSPACE,44,0.078125,0.023437
WEB,dbo,LotBoysDealers,44,0.015625,0.015625
WEB,dbo,PubStates,44,0.015625,0.015625
WEB,dbo,BUSSTEPS,43,0.015625,0.015625
WEB,dbo,DCSDealer,40,0.070312,0.015625
WEB,dbo,dealercarsearch,39,0.078125,0.062500
WEB,dbo,AutoPlusNetAds,37,0.203125,0.156250
WEB,dbo,DupeFFID,37,0.070312,0.015625
WEB,dbo,DBINFO,36,0.015625,0.015625
WEB,dbo,PRCOAds,36,0.078125,0.070312
WEB,dbo,StatPubs,36,0.015625,0.015625
WEB,dbo,_PubMapping,35,0.015625,0.015625
WEB,dbo,New_PrintPublications,35,0.031250,0.031250
WEB,dbo,PUBLICATIONS,35,0.015625,0.015625
WEB,dbo,xsitedest,35,0.015625,0.015625
WEB,dbo,AutoStarAds,34,0.023437,0.023437
WEB,dbo,CarsForSaleVerified,34,0.070312,0.015625
WEB,dbo,TMPiMoveDaleR_FEEDDEALERS,34,0.015625,0.015625
WEB,dbo,AutoBaseCustomersNew,33,0.070312,0.015625
WEB,dbo,AutoMarkSolutionsAds,32,0.351562,0.304687
WEB,dbo,ReportSource,32,0.015625,0.015625
WEB,dbo,BANINTERVAL,31,0.015625,0.015625
WEB,dbo,CobaltCustomers,31,0.070312,0.015625
WEB,dbo,PubExpiring,31,0.031250,0.031250
WEB,dbo,TMPiMoveDaleR,31,0.015625,0.015625
WEB,dbo,SandhillData,29,0.257812,0.226562
WEB,dbo,FormFeedPhoneTracking,28,0.015625,0.015625
WEB,dbo,su_ADDInfoByUser,28,0.015625,0.015625
WEB,dbo,AutoJiniData,27,0.132812,0.093750
WEB,dbo,ToCarsDirect_Dealers,26,0.070312,0.015625
WEB,dbo,DealerClickDealers,25,0.015625,0.015625
WEB,dbo,IDealerdata,24,0.078125,0.054687
WEB,dbo,OldDealerComCustomers,24,0.015625,0.015625
WEB,dbo,TMPiMoveDaleR_FEEDUPDATE,24,0.015625,0.015625
WEB,dbo,BANTYPELOC,22,0.015625,0.015625
WEB,dbo,InventoryCC_Dealers,21,0.070312,0.015625
WEB,dbo,xsitexlate,21,0.015625,0.015625
WEB,dbo,AMDealers,20,0.070312,0.015625
WEB,dbo,DealerLocation,20,0.015625,0.015625
WEB,dbo,Feeds,20,0.015625,0.015625
WEB,dbo,TurboChanges,20,0.031250,0.031250
WEB,dbo,WebManagementTeam,20,0.023437,0.023437
WEB,dbo,VariableCost,19,0.015625,0.015625
WEB,dbo,SAVEAD,18,0.015625,0.015625
WEB,dbo,SQLInjectionCheck,18,0.015625,0.015625
WEB,dbo,SubscriptionType,18,0.015625,0.015625
WEB,dbo,CSAutoNationDealers,17,0.015625,0.015625
WEB,dbo,AutoRevCustomers,16,0.070312,0.015625
WEB,dbo,BANLOCSIZE,16,0.015625,0.015625
WEB,dbo,CharterDupeBestRideFeed,16,0.015625,0.015625
WEB,dbo,Exclude_ffidMaster,15,0.070312,0.015625
WEB,dbo,HomeNetDealers,15,0.015625,0.015625
WEB,dbo,RatchetInventory,15,0.015625,0.015625
WEB,dbo,DealerSyncDealers,14,0.070312,0.015625
WEB,dbo,Dlrxlate,14,0.015625,0.015625
WEB,dbo,netlookdealers,14,0.195312,0.109375
WEB,dbo,BKUPSteps,13,0.015625,0.015625
WEB,dbo,TurboSnapshot,13,0.296875,0.234375
WEB,dbo,netlookdata,12,0.265625,0.164062
WEB,dbo,PDFEDITION,12,0.015625,0.015625
WEB,dbo,ResellerCheckListSelected,12,0.015625,0.015625
WEB,dbo,InstaAddress,11,0.070312,0.015625
WEB,dbo,New_Class,11,0.015625,0.015625
WEB,dbo,NexsteppeDealers,11,0.015625,0.015625
WEB,dbo,nwpubeditions,11,0.015625,0.015625
WEB,dbo,STATUS,11,0.015625,0.015625
WEB,dbo,BANNERSIZES,10,0.015625,0.015625
WEB,dbo,BANNERTYPE,10,0.015625,0.015625
WEB,dbo,CarSpotDealers,10,0.078125,0.023437
WEB,dbo,DealerLogin_Log,10,0.015625,0.015625
WEB,dbo,newdlrsourcedealers,10,0.015625,0.015625
WEB,dbo,oodleCategories,10,0.015625,0.015625
WEB,dbo,TurboPLDCampaigns,10,0.218750,0.140625
WEB,dbo,ClassificationList,9,0.015625,0.015625
WEB,dbo,eBizAutosNewDealers,9,0.015625,0.015625
WEB,dbo,FEATURES,9,0.015625,0.015625
WEB,dbo,FreeClass,9,0.015625,0.015625
WEB,dbo,RatchetDeactivationReasons,9,0.015625,0.015625
WEB,dbo,SEARCHPAGES,9,0.015625,0.015625
WEB,dbo,SonicDealers,9,0.015625,0.015625
WEB,dbo,Auction123_Dealers,8,0.078125,0.023437
WEB,dbo,BANSIZE,8,0.015625,0.015625
WEB,dbo,FormStatus,8,0.015625,0.015625
WEB,dbo,LeadsExternalStatus,8,0.015625,0.015625
WEB,dbo,Missing_RDP_URL,8,0.070312,0.015625
WEB,dbo,PremiumAutoCustomers,8,0.015625,0.015625
WEB,dbo,RatchetFormStatus,8,0.015625,0.015625
WEB,dbo,RatchetFormTypes,8,0.015625,0.015625
WEB,dbo,ROLES,8,0.015625,0.015625
WEB,dbo,WebFeaturesTranslate,8,0.015625,0.015625
WEB,dbo,AutoSweetCustomers,7,0.070312,0.015625
WEB,dbo,AutoXplorerDealers,7,0.015625,0.015625
WEB,dbo,BANLOCATION,7,0.015625,0.015625
WEB,dbo,CARTYPES,7,0.015625,0.015625
WEB,dbo,FormTypes,7,0.015625,0.015625
WEB,dbo,LeadQStatus,7,0.015625,0.015625
WEB,dbo,PHOTOSTOPS,7,0.015625,0.015625
WEB,dbo,Regions,7,0.015625,0.015625
WEB,dbo,BRDDealers,6,0.070312,0.015625
WEB,dbo,FormInventory,6,0.015625,0.015625
WEB,dbo,NexteppeDealers,6,0.070312,0.015625
WEB,dbo,ResellerCheckListOptions,6,0.015625,0.015625
WEB,dbo,Rules,6,0.015625,0.015625
WEB,dbo,searchRadius,6,0.015625,0.015625
WEB,dbo,acxDealers,5,0.070312,0.015625
WEB,dbo,acxDealers_Import_wURL,5,0.070312,0.015625
WEB,dbo,BANNERSTATE,5,0.015625,0.015625
WEB,dbo,BANTYPE,5,0.015625,0.015625
WEB,dbo,DealerActiveDealers,5,0.015625,0.015625
WEB,dbo,DealerOnDealers,5,0.070312,0.015625
WEB,dbo,dslotdatanewrev,5,0.015625,0.015625
WEB,dbo,eLeadsDealers,5,0.070312,0.015625
WEB,dbo,windowstickerdealers,5,0.015625,0.015625
WEB,dbo,adez_feed,4,0.023437,0.023437
WEB,dbo,AutoCornerDealers,4,0.070312,0.015625
WEB,dbo,ChapmanDealers,4,0.015625,0.015625
WEB,dbo,Feed2LiveLog,4,0.070312,0.015625
WEB,dbo,FixDupeVIN,4,0.015625,0.015625
WEB,dbo,RatchetFeedTracker_Save_AdEzReSubmit,4,0.023437,0.023437
WEB,dbo,StockNumCustomers,4,0.070312,0.015625
WEB,dbo,UpSell,4,0.015625,0.015625
WEB,dbo,AutoRevXlate,3,0.015625,0.015625
WEB,dbo,autosoftdealers,3,0.015625,0.015625
WEB,dbo,ChromacarsCustomers,3,0.070312,0.015625
WEB,dbo,DealerFireDealers,3,0.070312,0.015625
WEB,dbo,Upsells,3,0.015625,0.015625
WEB,dbo,User_Test,3,0.015625,0.015625
WEB,dbo,xsitesource,3,0.015625,0.015625
WEB,dbo,Actions,2,0.015625,0.015625
WEB,dbo,AggregatorTier,2,0.015625,0.015625
WEB,dbo,AutoExactCustomers,2,0.070312,0.015625
WEB,dbo,CarThinkDealer,2,0.023437,0.023437
WEB,dbo,CSSummitDealers,2,0.015625,0.015625
WEB,dbo,DataOneCustomers,2,0.070312,0.015625
WEB,dbo,DealerWebsitesDealers,2,0.015625,0.015625
WEB,dbo,dsLotData,2,0.015625,0.015625
WEB,dbo,FeedDupeCheck,2,0.015625,0.015625
WEB,dbo,IDealerdealers,2,0.023437,0.023437
WEB,dbo,InteractRV_customers,2,0.070312,0.015625
WEB,dbo,IOcom_customers,2,0.078125,0.023437
WEB,dbo,JTZDealers,2,0.070312,0.015625
WEB,dbo,KGISolutionsDealers,2,0.070312,0.015625
WEB,dbo,MagnetDigitalDealers,2,0.078125,0.023437
WEB,dbo,PriceType,2,0.015625,0.015625
WEB,dbo,ResellerCheckList,2,0.015625,0.015625
WEB,dbo,ServerSource,2,0.015625,0.015625
WEB,dbo,VOIDTYPE,2,0.015625,0.015625
WEB,dbo,WebUntanglerDealers,2,0.070312,0.015625
WEB,dbo,_FolderContentManager,1,0.015625,0.015625
WEB,dbo,ActionGroup,1,0.015625,0.015625
WEB,dbo,AllAutoNetworkAds,1,0.023437,0.023437
WEB,dbo,AllAutoNetworkDealers,1,0.015625,0.015625
WEB,dbo,AutoBaseCustomers,1,0.070312,0.015625
WEB,dbo,AutoJiniCustomers,1,0.015625,0.015625
WEB,dbo,automarksolutionsdealers,1,0.015625,0.015625
WEB,dbo,AutoMatrixDealers,1,0.070312,0.015625
WEB,dbo,AutoPlusNetDealers,1,0.015625,0.015625
WEB,dbo,AutoWebExpDealers,1,0.070312,0.015625
WEB,dbo,AutoXloodealers,1,0.023437,0.023437
WEB,dbo,BADIPS,1,0.015625,0.015625
WEB,dbo,BKUPSettings,1,0.015625,0.015625
WEB,dbo,BoostLogicDealers,1,0.015625,0.015625
WEB,dbo,CerritosDealers,1,0.015625,0.015625
WEB,dbo,ChapmanCustomers,1,0.015625,0.015625
WEB,dbo,CSDealers,1,0.070312,0.015625
WEB,dbo,DealerInspireDealers,1,0.070312,0.015625
WEB,dbo,DealershipIDSDealers,1,0.070312,0.015625
WEB,dbo,DF_DEALERS,1,0.015625,0.015625
WEB,dbo,DlrComCustomers,1,0.023437,0.023437
WEB,dbo,DSVKEYS,1,0.015625,0.015625
WEB,dbo,EDesignDealers,1,0.015625,0.015625
WEB,dbo,FeedFTP,1,0.015625,0.015625
WEB,dbo,FeedXMLDealers,1,0.015625,0.015625
WEB,dbo,FeedXMLSource,1,0.015625,0.015625
WEB,dbo,FirstLookDealers,1,0.070312,0.015625
WEB,dbo,GensystemDealers,1,0.015625,0.015625
WEB,dbo,GlobalScopecustomers,1,0.023437,0.023437
WEB,dbo,GroverAds,1,0.015625,0.015625
WEB,dbo,GroverDealers,1,0.015625,0.015625
WEB,dbo,GWMarketingCustomers,1,0.015625,0.015625
WEB,dbo,MJMICustomers,1,0.015625,0.015625
WEB,dbo,proprodealers,1,0.015625,0.015625
WEB,dbo,psndealers,1,0.015625,0.015625
WEB,dbo,SandhillImageFix,1,0.070312,0.015625
WEB,dbo,ShortURLSandhill,1,0.382812,0.109375
WEB,dbo,VinControlDealers,1,0.015625,0.015625
WEB,dbo,whoscalling_lingo,1,0.015625,0.015625
WEB,dbo,_Steven_Activates,0,0.000000,0.000000
WEB,dbo,accextras,0,0.000000,0.000000
WEB,dbo,AccountBackground,0,0.000000,0.000000
WEB,dbo,ad_inserted,0,0.000000,0.000000
WEB,dbo,ad_updated,0,0.000000,0.000000
WEB,dbo,ADHISTORY,0,0.000000,0.000000
WEB,dbo,ARIAds,0,0.000000,0.000000
WEB,dbo,ariphotos,0,0.000000,0.000000
WEB,dbo,AutaBuyAds,0,0.000000,0.000000
WEB,dbo,AutoConX2Endeavor,0,0.000000,0.000000
WEB,dbo,AutoNetCustomers,0,0.007812,0.007812
WEB,dbo,AutoNetData,0,0.007812,0.007812
WEB,dbo,AutoSoftAds,0,0.000000,0.000000
WEB,dbo,AutoWebExpAds,0,0.007812,0.007812
WEB,dbo,AutoXloodata,0,0.007812,0.007812
WEB,dbo,BlinkerAds,0,0.015625,0.015625
WEB,dbo,BlinkerDealers,0,0.015625,0.015625
WEB,dbo,brdads,0,0.000000,0.000000
WEB,dbo,BUSNEWSCHEDULE,0,0.000000,0.000000
WEB,dbo,BUSQUEUES,0,0.015625,0.015625
WEB,dbo,CarDaddyData,0,0.007812,0.007812
WEB,dbo,CARDS,0,0.000000,0.000000
WEB,dbo,CarGurusCalls,0,0.000000,0.000000
WEB,dbo,CART,0,0.023437,0.023437
WEB,dbo,CARTIMAGES,0,0.015625,0.015625
WEB,dbo,ChapmanData,0,0.000000,0.000000
WEB,dbo,chapmandatatemp,0,0.000000,0.000000
WEB,dbo,CharterFeed,0,0.000000,0.000000
WEB,dbo,CiberTraxTemp,0,0.000000,0.000000
WEB,dbo,CirrusSolutions_ads,0,0.007812,0.007812
WEB,dbo,CoreLog,0,0.000000,0.000000
WEB,dbo,CrawlVSFeed,0,0.000000,0.000000
WEB,dbo,CSAutoNationAds,0,0.039062,0.039062
WEB,dbo,CSSummitAds,0,0.015625,0.015625
WEB,dbo,DCTempCus,0,0.000000,0.000000
WEB,dbo,DealerEBiz_Ads,0,0.007812,0.007812
WEB,dbo,DealerEBiz_Dealers,0,0.007812,0.007812
WEB,dbo,DealerFrontData,0,0.015625,0.015625
WEB,dbo,DealerHDCustomers,0,0.007812,0.007812
WEB,dbo,DealerHDData,0,0.015625,0.015625
WEB,dbo,dealerimages_copied,0,0.000000,0.000000
WEB,dbo,DealerImpactData,0,0.015625,0.015625
WEB,dbo,DealerLogosTT,0,0.000000,0.000000
WEB,dbo,DealerTrendAds,0,0.039062,0.039062
WEB,dbo,DealerTrendDealers,0,0.015625,0.015625
WEB,dbo,DealerWebsitesAdstemp,0,0.000000,0.000000
WEB,dbo,diamondAds,0,0.015625,0.015625
WEB,dbo,diamondDealers,0,0.007812,0.007812
WEB,dbo,digitalmotor,0,0.007812,0.007812
WEB,dbo,DlrMapping,0,0.000000,0.000000
WEB,dbo,DlrPeakCustomers,0,0.015625,0.015625
WEB,dbo,DlrPeakData,0,0.015625,0.015625
WEB,dbo,dlrsource,0,0.007812,0.007812
WEB,dbo,DSEXPORT,0,0.000000,0.000000
WEB,dbo,DSVKEYERRORS,0,0.000000,0.000000
WEB,dbo,dx_images,0,0.000000,0.000000
WEB,dbo,dx_listings,0,0.000000,0.000000
WEB,dbo,dx_listings_list,0,0.000000,0.000000
WEB,dbo,DX_LiveSyncManager,0,0.242187,0.187500
WEB,dbo,DX_MemberSyncManager,0,0.015625,0.015625
WEB,dbo,dx_NoChangeAds,0,0.000000,0.000000
WEB,dbo,eBizAutosData,0,0.015625,0.015625
WEB,dbo,EndeavorBilling201901,0,0.007812,0.007812
WEB,dbo,EndeavorInternetSales,0,0.046875,0.046875
WEB,dbo,event_capture,0,0.000000,0.000000
WEB,dbo,FEEDUPSELLS,0,0.000000,0.000000
WEB,dbo,FVLOG,0,0.000000,0.000000
WEB,dbo,FVTOTALS,0,0.000000,0.000000
WEB,dbo,Geebo_Inbound,0,0.000000,0.000000
WEB,dbo,Gensystemads,0,0.000000,0.000000
WEB,dbo,Gensystemadstemp,0,0.078125,0.023437
WEB,dbo,GEOIP,0,0.000000,0.000000
WEB,dbo,GoAutoAds,0,0.007812,0.007812
WEB,dbo,GoogleBase,0,0.015625,0.015625
WEB,dbo,GWMarketingAds,0,0.000000,0.000000
WEB,dbo,HanleesData,0,0.015625,0.015625
WEB,dbo,HanleesDealers,0,0.015625,0.015625
WEB,dbo,HNPaidData,0,0.000000,0.000000
WEB,dbo,HNPaidDealers,0,0.000000,0.000000
WEB,dbo,ImagicLabAds,0,0.007812,0.007812
WEB,dbo,ImagicLabDealers,0,0.007812,0.007812
WEB,dbo,internetrecon_combine,0,0.046875,0.046875
WEB,dbo,InventrueData,0,0.007812,0.007812
WEB,dbo,IocomData,0,0.000000,0.000000
WEB,dbo,LotBoysAds,0,0.000000,0.000000
WEB,dbo,MissingDSImages,0,0.000000,0.000000
WEB,dbo,MJMIData,0,0.000000,0.000000
WEB,dbo,NewAggOverlay,0,0.070312,0.015625
WEB,dbo,NewFeedLive,0,1.140625,0.156250
WEB,dbo,NullSlsRep,0,0.070312,0.015625
WEB,dbo,oodleTemp,0,0.000000,0.000000
WEB,dbo,oodleTempCats,0,0.000000,0.000000
WEB,dbo,oodleTempCats2,0,0.000000,0.000000
WEB,dbo,PAYMENTS,0,0.000000,0.000000
WEB,dbo,pennysaverExport,0,0.000000,0.000000
WEB,dbo,PlatformAutoAds,0,0.000000,0.000000
WEB,dbo,PromoPixAds,0,0.000000,0.000000
WEB,dbo,ProofLock,0,0.000000,0.000000
WEB,dbo,ProProdata,0,0.007812,0.007812
WEB,dbo,ProxyCrawlers,0,0.000000,0.000000
WEB,dbo,psncategories,0,0.000000,0.000000
WEB,dbo,RatchetCheck,0,0.070312,0.015625
WEB,dbo,RatchetCombined,0,0.015625,0.015625
WEB,dbo,RatchetFeedTracker_Dupes,0,0.000000,0.000000
WEB,dbo,RECEIPTS,0,0.000000,0.000000
WEB,dbo,ReevesAds,0,0.000000,0.000000
WEB,dbo,ReevesAdsTemp,0,0.210937,0.046875
WEB,dbo,REFUNDS,0,0.000000,0.000000
WEB,dbo,Reseller_Ord_Sub_Discrepancies,0,0.000000,0.000000
WEB,dbo,RideDigitalAds,0,0.000000,0.000000
WEB,dbo,RideDigitalPhotos,0,0.000000,0.000000
WEB,dbo,RideMarketingAds,0,0.000000,0.000000
WEB,dbo,RideMarketingPhotos,0,0.000000,0.000000
WEB,dbo,SandhillPhotos,0,0.000000,0.000000
WEB,dbo,SmartWebCustomers,0,0.015625,0.015625
WEB,dbo,SmartWebData,0,0.015625,0.015625
WEB,dbo,sonicdata,0,0.046875,0.046875
WEB,dbo,sonicdatatemp,0,0.023437,0.023437
WEB,dbo,stlouisdata,0,0.000000,0.000000
WEB,dbo,StLouisData_XML,0,0.000000,0.000000
WEB,dbo,SUBEDITIONS,0,0.000000,0.000000
WEB,dbo,SUBMIT,0,0.000000,0.000000
WEB,dbo,Subscriptions,0,0.000000,0.000000
WEB,dbo,sysdiagrams,0,0.031250,0.031250
WEB,dbo,tempaccountids,0,0.000000,0.000000
WEB,dbo,TempCharter,0,0.000000,0.000000
WEB,dbo,TEMPDLM,0,0.000000,0.000000
WEB,dbo,TempOutFeed,0,0.000000,0.000000
WEB,dbo,tempVODads,0,0.000000,0.000000
WEB,dbo,TexasDirectData,0,0.000000,0.000000
WEB,dbo,TMPiMoveDaleR_feedads,0,0.000000,0.000000
WEB,dbo,toweb2carz_ads,0,0.000000,0.000000
WEB,dbo,TransferInfo,0,0.000000,0.000000
WEB,dbo,TreisterCustomer,0,0.007812,0.007812
WEB,dbo,TreisterData,0,0.000000,0.000000
WEB,dbo,vastTemp,0,0.000000,0.000000
WEB,dbo,VERIFIED,0,0.015625,0.015625
WEB,dbo,WebPackageAging_Combine,0,0.109375,0.062500
WEB,dbo,WhosCalllingChangeRequestLog,0,0.000000,0.000000
WEB,dbo,WindowStickerdatatemp,0,0.000000,0.000000
WEB,dbo,x__DEALERIMAGES,0,0.000000,0.000000
